country,date,price
USA,2020-03-09,2746.5601
USA,2020-03-06,2972.3701
USA,2020-03-05,3023.9399
USA,2020-03-04,3130.1201
USA,2020-03-03,3003.3701
USA,2020-03-02,3090.2300
USA,2020-02-28,2954.2200
USA,2020-02-27,2978.7600
USA,2020-02-26,3116.3899
USA,2020-02-25,3128.2100
USA,2020-02-24,3225.8899
USA,2020-02-21,3337.7500
USA,2020-02-20,3373.2300
USA,2020-02-19,3386.1499
USA,2020-02-18,3370.2900
USA,2020-02-14,3380.1599
USA,2020-02-13,3373.9399
USA,2020-02-12,3379.4500
USA,2020-02-11,3357.7500
USA,2020-02-10,3352.0901
USA,2020-02-07,3327.7100
USA,2020-02-06,3345.7800
USA,2020-02-05,3334.6899
USA,2020-02-04,3297.5901
USA,2020-02-03,3248.9199
USA,2020-01-31,3225.5200
USA,2020-01-30,3283.6599
USA,2020-01-29,3273.3999
USA,2020-01-28,3276.2400
USA,2020-01-27,3243.6299
USA,2020-01-24,3295.4700
USA,2020-01-23,3325.5400
USA,2020-01-22,3321.7500
USA,2020-01-21,3320.7900
USA,2020-01-17,3329.6201
USA,2020-01-16,3316.8101
USA,2020-01-15,3289.2900
USA,2020-01-14,3283.1499
USA,2020-01-13,3288.1299
USA,2020-01-10,3265.3501
USA,2020-01-09,3274.7000
USA,2020-01-08,3253.0500
USA,2020-01-07,3237.1799
USA,2020-01-06,3246.2800
USA,2020-01-03,3234.8501
USA,2020-01-02,3257.8501
USA,2019-12-31,3230.7800
USA,2019-12-30,3221.2900
USA,2019-12-27,3240.0200
USA,2019-12-26,3239.9099
USA,2019-12-24,3223.3799
USA,2019-12-23,3224.0100
USA,2019-12-20,3221.2200
USA,2019-12-19,3205.3701
USA,2019-12-18,3191.1399
USA,2019-12-17,3192.5200
USA,2019-12-16,3191.4500
USA,2019-12-13,3168.8000
USA,2019-12-12,3168.5701
USA,2019-12-11,3141.6299
USA,2019-12-10,3132.5200
USA,2019-12-09,3135.9600
USA,2019-12-06,3145.9099
USA,2019-12-05,3117.4299
USA,2019-12-04,3112.7600
USA,2019-12-03,3093.2000
USA,2019-12-02,3113.8701
USA,2019-11-29,3140.9800
USA,2019-11-27,3153.6299
USA,2019-11-26,3140.5200
USA,2019-11-25,3133.6399
USA,2019-11-22,3110.2900
USA,2019-11-21,3103.5400
USA,2019-11-20,3108.4600
USA,2019-11-19,3120.1799
USA,2019-11-18,3122.0300
USA,2019-11-15,3120.4600
USA,2019-11-14,3096.6299
USA,2019-11-13,3094.0400
USA,2019-11-12,3091.8401
USA,2019-11-11,3087.0100
USA,2019-11-08,3093.0801
USA,2019-11-07,3085.1799
USA,2019-11-06,3076.7800
USA,2019-11-05,3074.6201
USA,2019-11-04,3078.2700
USA,2019-11-01,3066.9099
USA,2019-10-31,3037.5601
USA,2019-10-30,3046.7700
USA,2019-10-29,3036.8899
USA,2019-10-28,3039.4199
USA,2019-10-25,3022.5500
USA,2019-10-24,3010.2900
USA,2019-10-23,3004.5200
USA,2019-10-22,2995.9900
USA,2019-10-21,3006.7200
USA,2019-10-18,2986.2000
USA,2019-10-17,2997.9500
USA,2019-10-16,2989.6899
USA,2019-10-15,2995.6799
Korea,2020-03-09,24.2400
Korea,2020-03-06,26.5100
Korea,2020-03-05,26.8900
Korea,2020-03-04,27.1890
Korea,2020-03-03,26.3700
Korea,2020-03-02,26.4800
Korea,2020-02-28,26.5000
Korea,2020-02-27,26.8100
Korea,2020-02-26,27.5100
Korea,2020-02-25,26.9800
Korea,2020-02-24,27.1600
Korea,2020-02-21,28.4700
Korea,2020-02-20,28.9000
Korea,2020-02-19,29.8000
Korea,2020-02-18,29.8066
Korea,2020-02-14,30.2900
Korea,2020-02-13,30.0600
Korea,2020-02-12,30.5400
Korea,2020-02-11,30.0300
Korea,2020-02-10,29.6450
Korea,2020-02-07,29.5200
Korea,2020-02-06,30.0000
Korea,2020-02-05,29.1900
Korea,2020-02-04,28.8800
Korea,2020-02-03,28.0000
Korea,2020-01-31,27.4800
Korea,2020-01-30,28.4400
Korea,2020-01-29,29.0714
Korea,2020-01-28,29.1600
Korea,2020-01-27,29.0000
Korea,2020-01-24,30.0750
Korea,2020-01-23,30.1500
Korea,2020-01-22,30.5200
Korea,2020-01-21,30.0505
Korea,2020-01-17,30.4449
Korea,2020-01-16,30.4700
Korea,2020-01-15,30.1400
Korea,2020-01-14,30.3800
Korea,2020-01-13,30.3951
Korea,2020-01-10,29.9780
Korea,2020-01-09,29.7100
Korea,2020-01-08,29.5200
Korea,2020-01-07,29.3900
Korea,2020-01-06,29.1900
Korea,2020-01-03,29.3100
Korea,2020-01-02,29.7800
Korea,2019-12-31,29.8300
Korea,2019-12-30,29.7600
Korea,2019-12-27,29.7876
Korea,2019-12-26,29.4900
Korea,2019-12-24,29.2800
Korea,2019-12-23,29.5200
Korea,2019-12-20,29.5800
Korea,2019-12-19,29.5000
Korea,2019-12-18,29.3200
Korea,2019-12-17,29.3800
Korea,2019-12-16,28.9500
Korea,2019-12-13,28.6600
Korea,2019-12-12,28.8000
Korea,2019-12-11,28.0300
Korea,2019-12-10,27.6500
Korea,2019-12-09,27.4100
Korea,2019-12-06,27.7039
Korea,2019-12-05,27.3600
Korea,2019-12-04,27.4700
Korea,2019-12-03,27.4899
Korea,2019-12-02,27.7100
Korea,2019-11-29,27.8953
Korea,2019-11-27,28.5000
Korea,2019-11-26,28.5000
Korea,2019-11-25,28.5500
Korea,2019-11-22,28.0700
Korea,2019-11-21,28.0800
Korea,2019-11-20,28.7297
Korea,2019-11-19,29.3800
Korea,2019-11-18,29.1700
Korea,2019-11-15,29.5100
Korea,2019-11-14,29.0300
Korea,2019-11-13,28.7500
Korea,2019-11-12,29.0000
Korea,2019-11-11,28.8600
Korea,2019-11-08,29.3200
Korea,2019-11-07,29.3200
Korea,2019-11-06,28.9400
Korea,2019-11-05,29.1000
Korea,2019-11-04,28.8200
Korea,2019-11-01,28.4100
Korea,2019-10-31,27.9500
Korea,2019-10-30,28.1800
Korea,2019-10-29,28.1600
Korea,2019-10-28,28.2500
Korea,2019-10-25,28.0200
Korea,2019-10-24,28.0300
Korea,2019-10-23,28.0300
Korea,2019-10-22,28.1000
Korea,2019-10-21,27.8700
Korea,2019-10-18,27.5500
Korea,2019-10-17,27.8200
Korea,2019-10-16,27.6501
Korea,2019-10-15,27.8000
Japan,2020-03-09,49.9400
Japan,2020-03-06,52.6000
Japan,2020-03-05,53.1100
Japan,2020-03-04,54.0900
Japan,2020-03-03,52.9400
Japan,2020-03-02,53.6300
Japan,2020-02-28,52.9600
Japan,2020-02-27,53.0200
Japan,2020-02-26,54.9000
Japan,2020-02-25,54.6300
Japan,2020-02-24,54.7200
Japan,2020-02-21,56.6300
Japan,2020-02-20,57.1100
Japan,2020-02-19,57.4800
Japan,2020-02-18,57.5800
Japan,2020-02-14,58.4500
Japan,2020-02-13,58.8900
Japan,2020-02-12,59.4100
Japan,2020-02-11,59.7000
Japan,2020-02-10,59.4000
Japan,2020-02-07,59.4700
Japan,2020-02-06,60.0500
Japan,2020-02-05,59.6000
Japan,2020-02-04,59.0700
Japan,2020-02-03,58.1900
Japan,2020-01-31,57.7500
Japan,2020-01-30,58.7100
Japan,2020-01-29,58.7900
Japan,2020-01-28,58.9800
Japan,2020-01-27,58.4600
Japan,2020-01-24,59.5300
Japan,2020-01-23,59.7600
Japan,2020-01-22,59.6900
Japan,2020-01-21,59.4200
Japan,2020-01-17,59.7400
Japan,2020-01-16,59.7000
Japan,2020-01-15,59.6600
Japan,2020-01-14,59.8800
Japan,2020-01-13,59.8600
Japan,2020-01-10,59.5200
Japan,2020-01-09,59.9400
Japan,2020-01-08,59.5200
Japan,2020-01-07,59.5100
Japan,2020-01-06,59.4100
Japan,2020-01-03,59.2000
Japan,2020-01-02,59.8600
Japan,2019-12-31,59.2400
Japan,2019-12-30,59.0500
Japan,2019-12-27,59.5800
Japan,2019-12-26,59.6900
Japan,2019-12-24,59.5300
Japan,2019-12-23,59.7700
Japan,2019-12-20,59.8200
Japan,2019-12-19,59.8600
Japan,2019-12-18,59.9200
Japan,2019-12-17,60.1600
Japan,2019-12-16,60.2900
Japan,2019-12-13,60.7300
Japan,2019-12-12,60.5700
Japan,2019-12-11,60.4200
Japan,2019-12-10,60.2900
Japan,2019-12-09,60.3200
Japan,2019-12-06,60.6600
Japan,2019-12-05,59.9700
Japan,2019-12-04,60.2100
Japan,2019-12-03,59.5400
Japan,2019-12-02,59.3100
Japan,2019-11-29,59.4300
Japan,2019-11-27,60.0000
Japan,2019-11-26,59.8800
Japan,2019-11-25,59.9800
Japan,2019-11-22,59.5700
Japan,2019-11-21,59.5300
Japan,2019-11-20,59.4700
Japan,2019-11-19,59.6500
Japan,2019-11-18,59.8400
Japan,2019-11-15,59.7900
Japan,2019-11-14,59.4400
Japan,2019-11-13,59.7000
Japan,2019-11-12,59.9100
Japan,2019-11-11,59.7800
Japan,2019-11-08,59.9300
Japan,2019-11-07,59.9600
Japan,2019-11-06,59.6100
Japan,2019-11-05,59.7400
Japan,2019-11-04,59.6600
Japan,2019-11-01,59.2600
Japan,2019-10-31,58.6800
Japan,2019-10-30,58.6700
Japan,2019-10-29,58.5100
Japan,2019-10-28,58.2600
Japan,2019-10-25,58.0900
Japan,2019-10-24,58.1200
Japan,2019-10-23,58.0900
Japan,2019-10-22,57.8500
Japan,2019-10-21,57.7800
Japan,2019-10-18,57.3700
Japan,2019-10-17,57.4800
Japan,2019-10-16,57.6300
Japan,2019-10-15,57.7500
Singapore,2020-03-09,19.8000
Singapore,2020-03-06,21.4000
Singapore,2020-03-05,21.6000
Singapore,2020-03-04,22.0000
Singapore,2020-03-03,21.8500
Singapore,2020-03-02,21.8000
Singapore,2020-02-28,21.8300
Singapore,2020-02-27,21.9600
Singapore,2020-02-26,22.2900
Singapore,2020-02-25,22.2700
Singapore,2020-02-24,22.2100
Singapore,2020-02-21,22.6500
Singapore,2020-02-20,22.6800
Singapore,2020-02-19,23.0300
Singapore,2020-02-18,22.8900
Singapore,2020-02-14,23.0600
Singapore,2020-02-13,23.1200
Singapore,2020-02-12,23.5400
Singapore,2020-02-11,23.0000
Singapore,2020-02-10,22.7700
Singapore,2020-02-07,22.6600
Singapore,2020-02-06,23.2300
Singapore,2020-02-05,23.2500
Singapore,2020-02-04,23.0500
Singapore,2020-02-03,22.8400
Singapore,2020-01-31,22.8900
Singapore,2020-01-30,23.4100
Singapore,2020-01-29,23.4100
Singapore,2020-01-28,23.5600
Singapore,2020-01-27,23.1600
Singapore,2020-01-24,23.9600
Singapore,2020-01-23,24.0400
Singapore,2020-01-22,24.2300
Singapore,2020-01-21,24.1800
Singapore,2020-01-17,24.5400
Singapore,2020-01-16,24.5100
Singapore,2020-01-15,24.3500
Singapore,2020-01-14,24.5300
Singapore,2020-01-13,24.4600
Singapore,2020-01-10,24.3000
Singapore,2020-01-09,24.2100
Singapore,2020-01-08,24.3500
Singapore,2020-01-07,24.2000
Singapore,2020-01-06,24.0900
Singapore,2020-01-03,24.1100
Singapore,2020-01-02,24.4500
Singapore,2019-12-31,24.1400
Singapore,2019-12-30,23.9400
Singapore,2019-12-27,24.0200
Singapore,2019-12-26,24.0500
Singapore,2019-12-24,23.9500
Singapore,2019-12-23,23.9900
Singapore,2019-12-20,23.9800
Singapore,2019-12-19,23.9600
Singapore,2019-12-18,23.9100
Singapore,2019-12-17,23.8000
Singapore,2019-12-16,23.8900
Singapore,2019-12-13,24.5400
Singapore,2019-12-12,24.6000
Singapore,2019-12-11,24.3300
Singapore,2019-12-10,24.0300
Singapore,2019-12-09,24.0400
Singapore,2019-12-06,24.3100
Singapore,2019-12-05,24.0700
Singapore,2019-12-04,23.9500
Singapore,2019-12-03,23.7700
Singapore,2019-12-02,23.9600
Singapore,2019-11-29,24.0800
Singapore,2019-11-27,24.3600
Singapore,2019-11-26,24.3900
Singapore,2019-11-25,24.4700
Singapore,2019-11-22,24.5000
Singapore,2019-11-21,24.3100
Singapore,2019-11-20,24.5100
Singapore,2019-11-19,24.6100
Singapore,2019-11-18,24.7400
Singapore,2019-11-15,24.6500
Singapore,2019-11-14,24.5600
Singapore,2019-11-13,24.5500
Singapore,2019-11-12,24.6000
Singapore,2019-11-11,24.6200
Singapore,2019-11-08,24.7400
Singapore,2019-11-07,24.9000
Singapore,2019-11-06,24.7100
Singapore,2019-11-05,24.7500
Singapore,2019-11-04,24.6400
Singapore,2019-11-01,24.5600
Singapore,2019-10-31,24.3100
Singapore,2019-10-30,24.2800
Singapore,2019-10-29,24.1200
Singapore,2019-10-28,24.2400
Singapore,2019-10-25,24.1000
Singapore,2019-10-24,23.8700
Singapore,2019-10-23,23.7300
Singapore,2019-10-22,23.8200
Singapore,2019-10-21,23.7500
Singapore,2019-10-18,23.4000
Singapore,2019-10-17,23.6200
Singapore,2019-10-16,23.5800
Singapore,2019-10-15,23.5200
Australia,2020-03-09,17.4400
Australia,2020-03-06,19.7800
Australia,2020-03-05,20.1600
Australia,2020-03-04,20.7700
Australia,2020-03-03,20.2200
Australia,2020-03-02,20.4200
Australia,2020-02-28,20.1200
Australia,2020-02-27,20.6900
Australia,2020-02-26,21.1900
Australia,2020-02-25,21.4600
Australia,2020-02-24,21.7700
Australia,2020-02-21,22.7400
Australia,2020-02-20,22.9200
Australia,2020-02-19,23.1000
Australia,2020-02-18,22.9800
Australia,2020-02-14,23.0500
Australia,2020-02-13,22.9900
Australia,2020-02-12,23.1200
Australia,2020-02-11,22.8300
Australia,2020-02-10,22.6700
Australia,2020-02-07,22.5900
Australia,2020-02-06,22.8800
Australia,2020-02-05,22.8400
Australia,2020-02-04,22.7000
Australia,2020-02-03,22.3100
Australia,2020-01-31,22.2600
Australia,2020-01-30,22.8300
Australia,2020-01-29,22.8400
Australia,2020-01-28,22.9400
Australia,2020-01-27,22.7500
Australia,2020-01-24,23.2500
Australia,2020-01-23,23.4400
Australia,2020-01-22,23.4600
Australia,2020-01-21,23.3300
Australia,2020-01-17,23.5200
Australia,2020-01-16,23.5400
Australia,2020-01-15,23.2800
Australia,2020-01-14,23.1700
Australia,2020-01-13,23.0300
Australia,2020-01-10,22.8500
Australia,2020-01-09,22.7300
Australia,2020-01-08,22.7200
Australia,2020-01-07,22.5900
Australia,2020-01-06,22.6200
Australia,2020-01-03,22.5000
Australia,2020-01-02,22.7400
Australia,2019-12-31,22.6400
Australia,2019-12-30,22.7200
Australia,2019-12-27,22.7500
Australia,2019-12-26,22.7900
Australia,2019-12-24,22.6500
Australia,2019-12-23,22.6300
Australia,2019-12-20,22.6100
Australia,2019-12-19,22.6000
Australia,2019-12-18,22.6200
Australia,2019-12-17,22.6100
Australia,2019-12-16,22.8200
Australia,2019-12-13,22.8700
Australia,2019-12-12,22.8900
Australia,2019-12-11,22.7500
Australia,2019-12-10,22.4800
Australia,2019-12-09,22.5500
Australia,2019-12-06,22.6600
Australia,2019-12-05,22.4600
Australia,2019-12-04,22.5000
Australia,2019-12-03,22.3300
Australia,2019-12-02,22.7300
Australia,2019-11-29,22.8300
Australia,2019-11-27,22.9700
Australia,2019-11-26,22.6900
Australia,2019-11-25,22.6200
Australia,2019-11-22,22.5100
Australia,2019-11-21,22.4100
Australia,2019-11-20,22.4400
Australia,2019-11-19,22.8500
Australia,2019-11-18,22.7400
Australia,2019-11-15,22.8100
Australia,2019-11-14,22.6100
Australia,2019-11-13,22.6200
Australia,2019-11-12,22.8600
Australia,2019-11-11,22.9000
Australia,2019-11-08,22.7700
Australia,2019-11-07,22.8400
Australia,2019-11-06,22.6000
Australia,2019-11-05,22.7300
Australia,2019-11-04,22.6900
Australia,2019-11-01,22.7600
Australia,2019-10-31,22.5300
Australia,2019-10-30,22.7200
Australia,2019-10-29,22.7400
Australia,2019-10-28,22.8000
Australia,2019-10-25,22.7000
Australia,2019-10-24,22.6300
Australia,2019-10-23,22.6200
Australia,2019-10-22,22.5100
Australia,2019-10-21,22.5100
Australia,2019-10-18,22.3200
Australia,2019-10-17,22.3500
Australia,2019-10-16,22.3200
Australia,2019-10-15,22.2400
Malaysia,2020-03-09,23.6500
Malaysia,2020-03-06,25.2500
Malaysia,2020-03-05,25.5000
Malaysia,2020-03-04,25.9400
Malaysia,2020-03-03,25.5900
Malaysia,2020-03-02,25.7000
Malaysia,2020-02-28,25.4700
Malaysia,2020-02-27,25.5400
Malaysia,2020-02-26,25.6600
Malaysia,2020-02-25,25.3700
Malaysia,2020-02-24,25.1800
Malaysia,2020-02-21,26.4900
Malaysia,2020-02-20,26.4400
Malaysia,2020-02-19,26.7200
Malaysia,2020-02-18,26.9300
Malaysia,2020-02-14,27.0500
Malaysia,2020-02-13,26.8800
Malaysia,2020-02-12,27.2500
Malaysia,2020-02-11,27.2500
Malaysia,2020-02-10,26.9200
Malaysia,2020-02-07,26.9600
Malaysia,2020-02-06,27.1800
Malaysia,2020-02-05,27.0500
Malaysia,2020-02-04,27.1000
Malaysia,2020-02-03,26.7900
Malaysia,2020-01-31,26.8300
Malaysia,2020-01-30,27.4400
Malaysia,2020-01-29,27.5400
Malaysia,2020-01-28,27.5600
Malaysia,2020-01-27,27.4200
Malaysia,2020-01-24,28.0600
Malaysia,2020-01-23,28.1100
Malaysia,2020-01-22,28.3200
Malaysia,2020-01-21,28.4000
Malaysia,2020-01-17,28.8300
Malaysia,2020-01-16,28.6000
Malaysia,2020-01-15,28.4500
Malaysia,2020-01-14,28.3500
Malaysia,2020-01-13,28.6900
Malaysia,2020-01-10,28.6400
Malaysia,2020-01-09,28.5100
Malaysia,2020-01-08,28.4800
Malaysia,2020-01-07,28.6100
Malaysia,2020-01-06,28.5800
Malaysia,2020-01-03,28.5800
Malaysia,2020-01-02,28.9100
Malaysia,2019-12-31,28.5100
Malaysia,2019-12-30,28.5400
Malaysia,2019-12-27,28.5800
Malaysia,2019-12-26,28.4600
Malaysia,2019-12-24,28.4400
Malaysia,2019-12-23,28.6600
Malaysia,2019-12-20,28.4400
Malaysia,2019-12-19,28.1800
Malaysia,2019-12-18,28.1200
Malaysia,2019-12-17,27.8600
Malaysia,2019-12-16,27.7000
Malaysia,2019-12-13,28.0000
Malaysia,2019-12-12,28.0700
Malaysia,2019-12-11,27.7900
Malaysia,2019-12-10,27.6400
Malaysia,2019-12-09,27.4600
Malaysia,2019-12-06,27.7600
Malaysia,2019-12-05,27.5800
Malaysia,2019-12-04,27.5000
Malaysia,2019-12-03,27.2800
Malaysia,2019-12-02,27.4900
Malaysia,2019-11-29,27.5400
Malaysia,2019-11-27,27.9500
Malaysia,2019-11-26,27.9100
Malaysia,2019-11-25,28.0600
Malaysia,2019-11-22,28.0100
Malaysia,2019-11-21,27.9900
Malaysia,2019-11-20,28.1500
Malaysia,2019-11-19,28.4200
Malaysia,2019-11-18,28.5400
Malaysia,2019-11-15,28.4300
Malaysia,2019-11-14,28.3900
Malaysia,2019-11-13,28.3600
Malaysia,2019-11-12,28.6200
Malaysia,2019-11-11,28.7300
Malaysia,2019-11-08,28.8200
Malaysia,2019-11-07,28.8900
Malaysia,2019-11-06,28.6400
Malaysia,2019-11-05,28.7300
Malaysia,2019-11-04,28.6000
Malaysia,2019-11-01,28.4100
Malaysia,2019-10-31,28.1200
Malaysia,2019-10-30,28.0000
Malaysia,2019-10-29,27.8500
Malaysia,2019-10-28,27.9300
Malaysia,2019-10-25,27.8400
Malaysia,2019-10-24,27.7800
Malaysia,2019-10-23,27.8400
Malaysia,2019-10-22,27.8500
Malaysia,2019-10-21,27.9400
Malaysia,2019-10-18,27.8200
Malaysia,2019-10-17,27.8900
Malaysia,2019-10-16,27.8500
Malaysia,2019-10-15,27.7800
Vietnam,2020-03-09,12.6900
Vietnam,2020-03-06,13.5900
Vietnam,2020-03-05,13.6900
Vietnam,2020-03-04,13.9800
Vietnam,2020-03-03,13.7300
Vietnam,2020-03-02,13.8700
Vietnam,2020-02-28,13.7400
Vietnam,2020-02-27,13.7000
Vietnam,2020-02-26,14.1100
Vietnam,2020-02-25,14.0750
Vietnam,2020-02-24,14.2000
Vietnam,2020-02-21,14.9600
Vietnam,2020-02-20,15.0000
Vietnam,2020-02-19,15.0200
Vietnam,2020-02-18,15.0700
Vietnam,2020-02-14,15.2700
Vietnam,2020-02-13,15.2800
Vietnam,2020-02-12,15.3000
Vietnam,2020-02-11,15.1700
Vietnam,2020-02-10,15.0000
Vietnam,2020-02-07,15.0500
Vietnam,2020-02-06,15.1300
Vietnam,2020-02-05,15.0600
Vietnam,2020-02-04,15.1000
Vietnam,2020-02-03,14.9600
Vietnam,2020-01-31,14.8900
Vietnam,2020-01-30,15.5200
Vietnam,2020-01-29,15.6300
Vietnam,2020-01-28,15.5900
Vietnam,2020-01-27,15.7000
Vietnam,2020-01-24,16.0100
Vietnam,2020-01-23,16.0750
Vietnam,2020-01-22,16.0400
Vietnam,2020-01-21,15.9900
Vietnam,2020-01-17,16.0500
Vietnam,2020-01-16,16.0100
Vietnam,2020-01-15,15.9800
Vietnam,2020-01-14,16.0700
Vietnam,2020-01-13,16.1000
Vietnam,2020-01-10,15.9100
Vietnam,2020-01-09,15.8500
Vietnam,2020-01-08,15.8600
Vietnam,2020-01-07,16.0100
Vietnam,2020-01-06,16.0400
Vietnam,2020-01-03,16.0900
Vietnam,2020-01-02,16.2600
Vietnam,2019-12-31,15.9900
Vietnam,2019-12-30,15.9086
Vietnam,2019-12-27,15.8700
Vietnam,2019-12-26,15.8700
Vietnam,2019-12-24,15.8500
Vietnam,2019-12-23,15.7900
Vietnam,2019-12-20,15.8800
Vietnam,2019-12-19,15.7800
Vietnam,2019-12-18,15.8600
Vietnam,2019-12-17,15.8800
Vietnam,2019-12-16,15.9900
Vietnam,2019-12-13,16.0900
Vietnam,2019-12-12,16.1800
Vietnam,2019-12-11,15.9100
Vietnam,2019-12-10,15.8300
Vietnam,2019-12-09,15.8100
Vietnam,2019-12-06,15.9300
Vietnam,2019-12-05,15.8500
Vietnam,2019-12-04,15.9200
Vietnam,2019-12-03,15.7500
Vietnam,2019-12-02,15.7900
Vietnam,2019-11-29,15.9400
Vietnam,2019-11-27,16.1400
Vietnam,2019-11-26,16.1800
Vietnam,2019-11-25,16.0800
Vietnam,2019-11-22,16.0300
Vietnam,2019-11-21,16.0900
Vietnam,2019-11-20,16.3000
Vietnam,2019-11-19,16.3500
Vietnam,2019-11-18,16.3900
Vietnam,2019-11-15,16.4500
Vietnam,2019-11-14,16.3500
Vietnam,2019-11-13,16.3800
Vietnam,2019-11-12,16.5400
Vietnam,2019-11-11,16.5400
Vietnam,2019-11-08,16.6100
Vietnam,2019-11-07,16.6100
Vietnam,2019-11-06,16.6600
Vietnam,2019-11-05,16.6700
Vietnam,2019-11-04,16.6900
Vietnam,2019-11-01,16.6200
Vietnam,2019-10-31,16.2200
Vietnam,2019-10-30,16.2700
Vietnam,2019-10-29,16.2200
Vietnam,2019-10-28,16.2600
Vietnam,2019-10-25,16.2900
Vietnam,2019-10-24,16.1700
Vietnam,2019-10-23,16.2100
Vietnam,2019-10-22,16.2100
Vietnam,2019-10-21,16.2000
Vietnam,2019-10-18,16.1400
Vietnam,2019-10-17,16.2000
Vietnam,2019-10-16,16.2600
Vietnam,2019-10-15,16.2500
Italy,2020-03-09,23.0300
Italy,2020-03-06,26.2600
Italy,2020-03-05,26.6600
Italy,2020-03-04,27.6500
Italy,2020-03-03,26.7100
Italy,2020-03-02,27.2600
Italy,2020-02-28,27.2400
Italy,2020-02-27,27.3700
Italy,2020-02-26,27.8400
Italy,2020-02-25,27.4800
Italy,2020-02-24,28.1200
Italy,2020-02-21,29.7200
Italy,2020-02-20,30.0600
Italy,2020-02-19,30.4300
Italy,2020-02-18,30.2800
Italy,2020-02-14,29.9400
Italy,2020-02-13,29.9400
Italy,2020-02-12,30.2000
Italy,2020-02-11,30.0400
Italy,2020-02-10,29.8800
Italy,2020-02-07,29.8500
Italy,2020-02-06,30.1300
Italy,2020-02-05,29.8300
Italy,2020-02-04,29.4200
Italy,2020-02-03,28.9200
Italy,2020-01-31,28.7800
Italy,2020-01-30,29.5600
Italy,2020-01-29,29.6100
Italy,2020-01-28,29.5400
Italy,2020-01-27,28.7600
Italy,2020-01-24,29.3700
Italy,2020-01-23,29.3900
Italy,2020-01-22,29.3400
Italy,2020-01-21,29.5000
Italy,2020-01-17,29.9800
Italy,2020-01-16,29.8200
Italy,2020-01-15,29.4500
Italy,2020-01-14,29.6200
Italy,2020-01-13,29.6800
Italy,2020-01-10,29.6600
Italy,2020-01-09,29.8100
Italy,2020-01-08,29.6400
Italy,2020-01-07,29.4800
Italy,2020-01-06,29.6100
Italy,2020-01-03,29.4900
Italy,2020-01-02,29.9000
Italy,2019-12-31,29.5000
Italy,2019-12-30,29.3800
Italy,2019-12-27,29.6200
Italy,2019-12-26,29.6800
Italy,2019-12-24,29.5900
Italy,2019-12-23,29.7000
Italy,2019-12-20,29.7400
Italy,2019-12-19,29.5800
Italy,2019-12-18,29.4600
Italy,2019-12-17,29.4800
Italy,2019-12-16,29.2500
Italy,2019-12-13,29.2500
Italy,2019-12-12,29.4200
Italy,2019-12-11,28.9800
Italy,2019-12-10,28.8100
Italy,2019-12-09,28.5100
Italy,2019-12-06,28.9100
Italy,2019-12-05,28.8000
Italy,2019-12-04,28.9100
Italy,2019-12-03,28.5900
Italy,2019-12-02,28.4700
Italy,2019-11-29,28.8900
Italy,2019-11-27,29.1600
Italy,2019-11-26,29.3500
Italy,2019-11-25,29.2500
Italy,2019-11-22,29.1200
Italy,2019-11-21,29.2300
Italy,2019-11-20,29.1800
Italy,2019-11-19,29.2800
Italy,2019-11-18,29.4400
Italy,2019-11-15,29.4800
Italy,2019-11-14,29.3500
Italy,2019-11-13,29.3700
Italy,2019-11-12,29.6900
Italy,2019-11-11,29.4500
Italy,2019-11-08,29.5000
Italy,2019-11-07,29.3200
Italy,2019-11-06,29.3000
Italy,2019-11-05,29.3700
Italy,2019-11-04,29.5100
Italy,2019-11-01,29.2200
Italy,2019-10-31,28.8700
Italy,2019-10-30,28.7700
Italy,2019-10-29,28.7400
Italy,2019-10-28,28.6600
Italy,2019-10-25,28.5300
Italy,2019-10-24,28.4300
Italy,2019-10-23,28.3600
Italy,2019-10-22,28.3500
Italy,2019-10-21,28.5500
Italy,2019-10-18,28.4000
Italy,2019-10-17,28.2800
Italy,2019-10-16,28.2300
Italy,2019-10-15,28.0900
France,2020-03-09,25.8900
France,2020-03-06,28.5400
France,2020-03-05,29.1800
France,2020-03-04,30.2400
France,2020-03-03,29.2200
France,2020-03-02,29.6200
France,2020-02-28,28.9300
France,2020-02-27,29.1800
France,2020-02-26,29.9800
France,2020-02-25,30.0100
France,2020-02-24,30.7500
France,2020-02-21,32.0900
France,2020-02-20,32.2300
France,2020-02-19,32.3800
France,2020-02-18,32.1900
France,2020-02-14,32.2900
France,2020-02-13,32.3500
France,2020-02-12,32.5700
France,2020-02-11,32.3500
France,2020-02-10,32.2600
France,2020-02-07,32.2300
France,2020-02-06,32.4200
France,2020-02-05,32.2600
France,2020-02-04,31.9800
France,2020-02-03,31.5200
France,2020-01-31,31.4000
France,2020-01-30,31.8500
France,2020-01-29,31.9500
France,2020-01-28,31.8500
France,2020-01-27,31.5500
France,2020-01-24,32.2500
France,2020-01-23,32.4100
France,2020-01-22,32.4700
France,2020-01-21,32.5800
France,2020-01-17,32.9600
France,2020-01-16,32.8300
France,2020-01-15,32.7000
France,2020-01-14,32.7200
France,2020-01-13,32.7000
France,2020-01-10,32.5300
France,2020-01-09,32.6800
France,2020-01-08,32.6500
France,2020-01-07,32.5400
France,2020-01-06,32.7500
France,2020-01-03,32.6000
France,2020-01-02,32.9400
France,2019-12-31,32.7100
France,2019-12-30,32.5200
France,2019-12-27,32.6700
France,2019-12-26,32.6100
France,2019-12-24,32.4200
France,2019-12-23,32.4900
France,2019-12-20,32.3500
France,2019-12-19,32.3100
France,2019-12-18,32.2100
France,2019-12-17,32.3500
France,2019-12-16,32.4300
France,2019-12-13,32.1200
France,2019-12-12,32.0100
France,2019-12-11,31.7800
France,2019-12-10,31.6300
France,2019-12-09,31.4600
France,2019-12-06,31.6900
France,2019-12-05,31.4900
France,2019-12-04,31.4000
France,2019-12-03,31.1700
France,2019-12-02,31.3400
France,2019-11-29,31.6600
France,2019-11-27,31.8100
France,2019-11-26,31.9000
France,2019-11-25,31.8300
France,2019-11-22,31.7000
France,2019-11-21,31.6700
France,2019-11-20,31.7000
France,2019-11-19,31.8600
France,2019-11-18,31.9800
France,2019-11-15,31.9300
France,2019-11-14,31.7100
France,2019-11-13,31.6500
France,2019-11-12,31.7100
France,2019-11-11,31.7300
France,2019-11-08,31.6800
France,2019-11-07,31.6500
France,2019-11-06,31.6300
France,2019-11-05,31.5400
France,2019-11-04,31.6100
France,2019-11-01,31.4300
France,2019-10-31,31.2300
France,2019-10-30,31.3700
France,2019-10-29,31.1700
France,2019-10-28,31.0600
France,2019-10-25,30.9200
France,2019-10-24,30.8100
France,2019-10-23,30.7000
France,2019-10-22,30.5300
France,2019-10-21,30.6900
France,2019-10-18,30.6800
France,2019-10-17,30.7600
France,2019-10-16,30.6700
France,2019-10-15,30.6400
Germany,2020-03-09,23.7600
Germany,2020-03-06,26.0100
Germany,2020-03-05,26.2700
Germany,2020-03-04,27.1200
Germany,2020-03-03,26.2900
Germany,2020-03-02,26.6300
Germany,2020-02-28,26.2200
Germany,2020-02-27,26.4900
Germany,2020-02-26,27.1800
Germany,2020-02-25,27.2700
Germany,2020-02-24,27.9000
Germany,2020-02-21,29.1400
Germany,2020-02-20,29.3400
Germany,2020-02-19,29.5000
Germany,2020-02-18,29.2100
Germany,2020-02-14,29.4800
Germany,2020-02-13,29.4600
Germany,2020-02-12,29.7000
Germany,2020-02-11,29.4800
Germany,2020-02-10,29.2400
Germany,2020-02-07,29.2400
Germany,2020-02-06,29.5200
Germany,2020-02-05,29.4300
Germany,2020-02-04,29.1000
Germany,2020-02-03,28.5900
Germany,2020-01-31,28.5300
Germany,2020-01-30,29.0200
Germany,2020-01-29,29.1500
Germany,2020-01-28,29.1900
Germany,2020-01-27,28.9600
Germany,2020-01-24,29.6300
Germany,2020-01-23,29.6300
Germany,2020-01-22,29.7900
Germany,2020-01-21,29.8200
Germany,2020-01-17,29.8500
Germany,2020-01-16,29.8000
Germany,2020-01-15,29.7300
Germany,2020-01-14,29.8200
Germany,2020-01-13,29.8400
Germany,2020-01-10,29.7600
Germany,2020-01-09,29.8400
Germany,2020-01-08,29.5700
Germany,2020-01-07,29.3000
Germany,2020-01-06,29.3500
Germany,2020-01-03,29.3100
Germany,2020-01-02,29.8800
Germany,2019-12-31,29.4000
Germany,2019-12-30,29.2100
Germany,2019-12-27,29.5600
Germany,2019-12-26,29.4100
Germany,2019-12-24,29.3100
Germany,2019-12-23,29.3300
Germany,2019-12-20,29.3000
Germany,2019-12-19,29.2700
Germany,2019-12-18,29.2600
Germany,2019-12-17,29.4600
Germany,2019-12-16,29.7000
Germany,2019-12-13,29.4100
Germany,2019-12-12,29.3300
Germany,2019-12-11,29.0800
Germany,2019-12-10,28.8300
Germany,2019-12-09,28.7600
Germany,2019-12-06,28.9500
Germany,2019-12-05,28.8800
Germany,2019-12-04,29.0000
Germany,2019-12-03,28.7800
Germany,2019-12-02,28.6700
Germany,2019-11-29,28.9400
Germany,2019-11-27,29.0800
Germany,2019-11-26,29.0600
Germany,2019-11-25,29.0000
Germany,2019-11-22,28.8700
Germany,2019-11-21,28.8800
Germany,2019-11-20,28.8500
Germany,2019-11-19,29.0400
Germany,2019-11-18,29.0100
Germany,2019-11-15,29.0400
Germany,2019-11-14,28.8200
Germany,2019-11-13,28.8800
Germany,2019-11-12,28.9400
Germany,2019-11-11,28.9300
Germany,2019-11-08,29.0200
Germany,2019-11-07,29.1100
Germany,2019-11-06,28.9700
Germany,2019-11-05,28.9500
Germany,2019-11-04,29.0700
Germany,2019-11-01,28.7800
Germany,2019-10-31,28.5500
Germany,2019-10-30,28.6200
Germany,2019-10-29,28.5100
Germany,2019-10-28,28.5900
Germany,2019-10-25,28.4100
Germany,2019-10-24,28.4600
Germany,2019-10-23,28.4000
Germany,2019-10-22,28.2100
Germany,2019-10-21,28.3400
Germany,2019-10-18,28.0900
Germany,2019-10-17,28.0000
Germany,2019-10-16,27.8400
Germany,2019-10-15,27.6800
Spain,2020-03-09,23.3200
Spain,2020-03-06,25.6800
Spain,2020-03-05,26.1500
Spain,2020-03-04,27.3700
Spain,2020-03-03,26.4400
Spain,2020-03-02,26.8800
Spain,2020-02-28,26.2900
Spain,2020-02-27,26.4700
Spain,2020-02-26,27.2200
Spain,2020-02-25,27.0000
Spain,2020-02-24,27.9000
Spain,2020-02-21,29.0300
Spain,2020-02-20,29.1000
Spain,2020-02-19,29.4400
Spain,2020-02-18,29.2800
Spain,2020-02-14,29.1800
Spain,2020-02-13,29.0300
Spain,2020-02-12,29.2200
Spain,2020-02-11,29.0800
Spain,2020-02-10,28.9500
Spain,2020-02-07,28.8700
Spain,2020-02-06,28.9900
Spain,2020-02-05,28.8300
Spain,2020-02-04,28.4700
Spain,2020-02-03,28.0000
Spain,2020-01-31,28.0100
Spain,2020-01-30,28.4700
Spain,2020-01-29,28.2700
Spain,2020-01-28,28.1500
Spain,2020-01-27,27.8200
Spain,2020-01-24,28.2400
Spain,2020-01-23,28.4900
Spain,2020-01-22,28.5200
Spain,2020-01-21,28.5600
Spain,2020-01-17,28.8900
Spain,2020-01-16,28.7300
Spain,2020-01-15,28.4200
Spain,2020-01-14,28.5000
Spain,2020-01-13,28.6600
Spain,2020-01-10,28.5400
Spain,2020-01-09,28.7000
Spain,2020-01-08,28.7000
Spain,2020-01-07,28.6400
Spain,2020-01-06,29.0100
Spain,2020-01-03,28.8700
Spain,2020-01-02,29.3000
Spain,2019-12-31,28.9200
Spain,2019-12-30,28.9400
Spain,2019-12-27,29.0800
Spain,2019-12-26,28.9400
Spain,2019-12-24,28.7700
Spain,2019-12-23,28.8200
Spain,2019-12-20,28.8200
Spain,2019-12-19,28.8200
Spain,2019-12-18,28.8000
Spain,2019-12-17,28.8600
Spain,2019-12-16,28.8500
Spain,2019-12-13,29.2200
Spain,2019-12-12,29.1000
Spain,2019-12-11,28.6900
Spain,2019-12-10,28.4100
Spain,2019-12-09,28.4400
Spain,2019-12-06,28.5300
Spain,2019-12-05,28.2300
Spain,2019-12-04,28.3500
Spain,2019-12-03,28.0300
Spain,2019-12-02,27.9800
Spain,2019-11-29,28.3700
Spain,2019-11-27,28.3900
Spain,2019-11-26,28.3000
Spain,2019-11-25,28.3500
Spain,2019-11-22,28.1900
Spain,2019-11-21,28.1300
Spain,2019-11-20,28.0900
Spain,2019-11-19,28.2400
Spain,2019-11-18,28.2200
Spain,2019-11-15,28.1100
Spain,2019-11-14,27.8600
Spain,2019-11-13,27.9200
Spain,2019-11-12,28.2700
Spain,2019-11-11,28.6900
Spain,2019-11-08,28.6700
Spain,2019-11-07,28.7700
Spain,2019-11-06,28.7600
Spain,2019-11-05,28.8900
Spain,2019-11-04,28.9900
Spain,2019-11-01,28.8000
Spain,2019-10-31,28.6000
Spain,2019-10-30,28.6600
Spain,2019-10-29,28.8800
Spain,2019-10-28,28.9600
Spain,2019-10-25,28.8400
Spain,2019-10-24,28.8400
Spain,2019-10-23,28.9200
Spain,2019-10-22,28.7700
Spain,2019-10-21,28.8900
Spain,2019-10-18,28.7800
Spain,2019-10-17,28.6600
Spain,2019-10-16,28.6300
Spain,2019-10-15,28.4500
UK,2020-03-09,26.2100
UK,2020-03-06,28.9400
UK,2020-03-05,29.4500
UK,2020-03-04,30.3300
UK,2020-03-03,29.1600
UK,2020-03-02,29.5300
UK,2020-02-28,29.3000
UK,2020-02-27,29.4700
UK,2020-02-26,30.6300
UK,2020-02-25,30.7100
UK,2020-02-24,31.3800
UK,2020-02-21,32.7000
UK,2020-02-20,32.7400
UK,2020-02-19,32.8700
UK,2020-02-18,32.7600
UK,2020-02-14,32.9200
UK,2020-02-13,33.0700
UK,2020-02-12,33.2700
UK,2020-02-11,33.0200
UK,2020-02-10,32.7500
UK,2020-02-07,32.6300
UK,2020-02-06,33.0100
UK,2020-02-05,33.1000
UK,2020-02-04,32.9000
UK,2020-02-03,32.3900
UK,2020-01-31,32.6400
UK,2020-01-30,33.1400
UK,2020-01-29,33.1600
UK,2020-01-28,33.1800
UK,2020-01-27,32.9500
UK,2020-01-24,33.6600
UK,2020-01-23,33.7300
UK,2020-01-22,33.8700
UK,2020-01-21,33.7300
UK,2020-01-17,34.0900
UK,2020-01-16,33.9600
UK,2020-01-15,33.8400
UK,2020-01-14,33.8400
UK,2020-01-13,33.7200
UK,2020-01-10,33.6300
UK,2020-01-09,33.8800
UK,2020-01-08,33.8600
UK,2020-01-07,33.8300
UK,2020-01-06,34.0500
UK,2020-01-03,33.8400
UK,2020-01-02,34.1500
UK,2019-12-31,34.1000
UK,2019-12-30,33.8100
UK,2019-12-27,33.9800
UK,2019-12-26,33.8600
UK,2019-12-24,33.6800
UK,2019-12-23,33.6000
UK,2019-12-20,33.5200
UK,2019-12-19,33.5400
UK,2019-12-18,33.6400
UK,2019-12-17,33.6000
UK,2019-12-16,34.2000
UK,2019-12-13,34.1000
UK,2019-12-12,33.2000
UK,2019-12-11,32.9900
UK,2019-12-10,32.9300
UK,2019-12-09,32.9200
UK,2019-12-06,32.9000
UK,2019-12-05,32.5200
UK,2019-12-04,32.6400
UK,2019-12-03,32.3100
UK,2019-12-02,32.7000
UK,2019-11-29,32.9300
UK,2019-11-27,33.1900
UK,2019-11-26,32.9700
UK,2019-11-25,33.0500
UK,2019-11-22,32.6000
UK,2019-11-21,32.4100
UK,2019-11-20,32.4400
UK,2019-11-19,32.7700
UK,2019-11-18,32.7400
UK,2019-11-15,32.6400
UK,2019-11-14,32.5600
UK,2019-11-13,32.6200
UK,2019-11-12,32.6600
UK,2019-11-11,32.6000
UK,2019-11-08,32.6000
UK,2019-11-07,32.7900
UK,2019-11-06,32.8500
UK,2019-11-05,32.8800
UK,2019-11-04,32.8200
UK,2019-11-01,32.6800
UK,2019-10-31,32.5300
UK,2019-10-30,32.7200
UK,2019-10-29,32.4900
UK,2019-10-28,32.6000
UK,2019-10-25,32.4600
UK,2019-10-24,32.5200
UK,2019-10-23,32.4000
UK,2019-10-22,32.1000
UK,2019-10-21,32.1400
UK,2019-10-18,32.0000
UK,2019-10-17,32.0100
UK,2019-10-16,31.7900
UK,2019-10-15,31.8300
Switzerland,2020-03-09,36.0700
Switzerland,2020-03-06,38.6600
Switzerland,2020-03-05,39.1400
Switzerland,2020-03-04,40.3400
Switzerland,2020-03-03,38.8000
Switzerland,2020-03-02,38.6800
Switzerland,2020-02-28,37.8800
Switzerland,2020-02-27,38.1900
Switzerland,2020-02-26,39.2600
Switzerland,2020-02-25,39.1800
Switzerland,2020-02-24,40.0800
Switzerland,2020-02-21,41.9300
Switzerland,2020-02-20,41.9600
Switzerland,2020-02-19,42.2600
Switzerland,2020-02-18,41.9100
Switzerland,2020-02-14,41.9000
Switzerland,2020-02-13,41.7800
Switzerland,2020-02-12,42.0100
Switzerland,2020-02-11,41.9700
Switzerland,2020-02-10,41.8800
Switzerland,2020-02-07,41.6000
Switzerland,2020-02-06,41.7800
Switzerland,2020-02-05,41.8800
Switzerland,2020-02-04,41.2700
Switzerland,2020-02-03,40.7800
Switzerland,2020-01-31,40.7400
Switzerland,2020-01-30,41.3400
Switzerland,2020-01-29,41.2200
Switzerland,2020-01-28,41.1600
Switzerland,2020-01-27,40.8000
Switzerland,2020-01-24,41.3200
Switzerland,2020-01-23,41.5700
Switzerland,2020-01-22,41.7600
Switzerland,2020-01-21,41.6200
Switzerland,2020-01-17,41.5900
Switzerland,2020-01-16,41.1600
Switzerland,2020-01-15,41.0000
Switzerland,2020-01-14,40.8200
Switzerland,2020-01-13,40.6400
Switzerland,2020-01-10,40.3900
Switzerland,2020-01-09,40.6500
Switzerland,2020-01-08,40.7300
Switzerland,2020-01-07,40.7000
Switzerland,2020-01-06,40.8800
Switzerland,2020-01-03,40.6900
Switzerland,2020-01-02,40.9600
Switzerland,2019-12-31,40.6400
Switzerland,2019-12-30,40.4800
Switzerland,2019-12-27,40.7500
Switzerland,2019-12-26,40.5200
Switzerland,2019-12-24,40.4600
Switzerland,2019-12-23,40.5000
Switzerland,2019-12-20,40.3000
Switzerland,2019-12-19,40.1100
Switzerland,2019-12-18,40.0100
Switzerland,2019-12-17,39.8500
Switzerland,2019-12-16,39.8000
Switzerland,2019-12-13,39.4400
Switzerland,2019-12-12,39.4200
Switzerland,2019-12-11,39.1700
Switzerland,2019-12-10,39.0800
Switzerland,2019-12-09,39.1400
Switzerland,2019-12-06,39.2000
Switzerland,2019-12-05,38.8700
Switzerland,2019-12-04,38.8600
Switzerland,2019-12-03,38.6100
Switzerland,2019-12-02,38.7700
Switzerland,2019-11-29,38.9000
Switzerland,2019-11-27,39.1000
Switzerland,2019-11-26,39.0400
Switzerland,2019-11-25,38.9300
Switzerland,2019-11-22,38.6500
Switzerland,2019-11-21,38.6100
Switzerland,2019-11-20,38.7400
Switzerland,2019-11-19,38.8300
Switzerland,2019-11-18,38.8600
Switzerland,2019-11-15,38.7600
Switzerland,2019-11-14,38.5800
Switzerland,2019-11-13,38.7100
Switzerland,2019-11-12,38.5600
Switzerland,2019-11-11,38.6100
Switzerland,2019-11-08,38.6000
Switzerland,2019-11-07,38.6500
Switzerland,2019-11-06,38.6400
Switzerland,2019-11-05,38.5800
Switzerland,2019-11-04,38.8300
Switzerland,2019-11-01,38.7100
Switzerland,2019-10-31,38.5800
Switzerland,2019-10-30,38.5800
Switzerland,2019-10-29,38.2800
Switzerland,2019-10-28,38.1500
Switzerland,2019-10-25,38.0200
Switzerland,2019-10-24,37.8600
Switzerland,2019-10-23,37.6200
Switzerland,2019-10-22,37.4400
Switzerland,2019-10-21,37.6600
Switzerland,2019-10-18,37.5900
Switzerland,2019-10-17,37.6700
Switzerland,2019-10-16,37.6000
Switzerland,2019-10-15,37.5400
Norway,2020-03-09,18.0700
Norway,2020-03-06,20.3900
Norway,2020-03-05,21.0447
Norway,2020-03-04,22.0600
Norway,2020-03-03,21.5393
Norway,2020-03-02,21.5800
Norway,2020-02-28,21.0200
Norway,2020-02-27,21.1516
Norway,2020-02-26,22.0800
Norway,2020-02-25,22.2500
Norway,2020-02-24,22.7000
Norway,2020-02-21,23.8200
Norway,2020-02-20,23.7900
Norway,2020-02-19,23.7800
Norway,2020-02-18,23.4500
Norway,2020-02-14,23.6800
Norway,2020-02-13,23.7000
Norway,2020-02-12,23.8600
Norway,2020-02-11,23.6100
Norway,2020-02-10,23.2700
Norway,2020-02-07,23.4050
Norway,2020-02-06,23.9400
Norway,2020-02-05,23.9050
Norway,2020-02-04,23.4808
Norway,2020-02-03,23.2211
Norway,2020-01-31,23.3500
Norway,2020-01-30,23.6892
Norway,2020-01-29,23.8500
Norway,2020-01-28,23.9800
Norway,2020-01-27,23.8297
Norway,2020-01-24,24.4200
Norway,2020-01-23,24.5351
Norway,2020-01-22,24.8251
Norway,2020-01-21,24.8407
Norway,2020-01-17,25.2400
Norway,2020-01-16,25.0200
Norway,2020-01-15,25.0500
Norway,2020-01-14,25.0600
Norway,2020-01-13,25.1500
Norway,2020-01-10,24.9900
Norway,2020-01-09,25.0550
Norway,2020-01-08,25.1402
Norway,2020-01-07,25.1100
Norway,2020-01-06,25.4100
Norway,2020-01-03,25.3500
Norway,2020-01-02,25.4800
Norway,2019-12-31,25.1600
Norway,2019-12-30,25.0200
Norway,2019-12-27,25.1500
Norway,2019-12-26,25.0546
Norway,2019-12-24,24.8900
Norway,2019-12-23,24.8350
Norway,2019-12-20,24.6350
Norway,2019-12-19,24.4547
Norway,2019-12-18,24.1461
Norway,2019-12-17,24.0100
Norway,2019-12-16,24.1900
Norway,2019-12-13,24.1200
Norway,2019-12-12,23.9100
Norway,2019-12-11,23.6500
Norway,2019-12-10,23.5800
Norway,2019-12-09,23.7000
Norway,2019-12-06,23.7300
Norway,2019-12-05,23.4600
Norway,2019-12-04,23.4650
Norway,2019-12-03,23.0751
Norway,2019-12-02,23.1800
Norway,2019-11-29,23.3800
Norway,2019-11-27,23.8455
Norway,2019-11-26,23.8000
Norway,2019-11-25,23.8302
Norway,2019-11-22,23.7450
Norway,2019-11-21,23.6084
Norway,2019-11-20,23.5650
Norway,2019-11-19,23.6200
Norway,2019-11-18,23.7200
Norway,2019-11-15,23.7800
Norway,2019-11-14,23.6500
Norway,2019-11-13,23.7109
Norway,2019-11-12,23.8400
Norway,2019-11-11,23.9901
Norway,2019-11-08,24.0200
Norway,2019-11-07,24.0300
Norway,2019-11-06,23.6480
Norway,2019-11-05,23.6550
Norway,2019-11-04,23.7349
Norway,2019-11-01,23.8400
Norway,2019-10-31,23.3000
Norway,2019-10-30,23.5900
Norway,2019-10-29,23.6200
Norway,2019-10-28,23.6400
Norway,2019-10-25,23.6400
Norway,2019-10-24,23.7699
Norway,2019-10-23,23.5500
Norway,2019-10-22,23.5530
Norway,2019-10-21,23.6199
Norway,2019-10-18,23.3998
Norway,2019-10-17,23.2500
Norway,2019-10-16,23.1850
Norway,2019-10-15,23.2000
Netherlands,2020-03-09,28.3300
Netherlands,2020-03-06,30.6800
Netherlands,2020-03-05,31.0700
Netherlands,2020-03-04,32.1100
Netherlands,2020-03-03,30.9300
Netherlands,2020-03-02,31.2200
Netherlands,2020-02-28,30.4400
Netherlands,2020-02-27,30.7000
Netherlands,2020-02-26,31.7300
Netherlands,2020-02-25,31.7750
Netherlands,2020-02-24,32.4600
Netherlands,2020-02-21,33.9300
Netherlands,2020-02-20,34.2400
Netherlands,2020-02-19,34.3600
Netherlands,2020-02-18,34.1900
Netherlands,2020-02-14,34.5600
Netherlands,2020-02-13,34.5750
Netherlands,2020-02-12,34.6600
Netherlands,2020-02-11,34.3800
Netherlands,2020-02-10,34.0600
Netherlands,2020-02-07,33.9200
Netherlands,2020-02-06,34.2300
Netherlands,2020-02-05,34.0700
Netherlands,2020-02-04,33.6400
Netherlands,2020-02-03,32.9900
Netherlands,2020-01-31,32.6900
Netherlands,2020-01-30,33.3300
Netherlands,2020-01-29,33.2500
Netherlands,2020-01-28,33.1700
Netherlands,2020-01-27,32.8400
Netherlands,2020-01-24,33.7000
Netherlands,2020-01-23,33.6400
Netherlands,2020-01-22,33.8300
Netherlands,2020-01-21,33.8300
Netherlands,2020-01-17,34.1400
Netherlands,2020-01-16,34.0700
Netherlands,2020-01-15,33.9200
Netherlands,2020-01-14,34.0000
Netherlands,2020-01-13,33.9100
Netherlands,2020-01-10,33.7400
Netherlands,2020-01-09,33.9100
Netherlands,2020-01-08,33.8400
Netherlands,2020-01-07,33.7000
Netherlands,2020-01-06,33.7600
Netherlands,2020-01-03,33.8100
Netherlands,2020-01-02,34.2100
Netherlands,2019-12-31,33.8600
Netherlands,2019-12-30,33.7200
Netherlands,2019-12-27,33.8300
Netherlands,2019-12-26,33.7600
Netherlands,2019-12-24,33.5500
Netherlands,2019-12-23,33.6300
Netherlands,2019-12-20,33.5100
Netherlands,2019-12-19,33.4400
Netherlands,2019-12-18,33.4400
Netherlands,2019-12-17,33.5400
Netherlands,2019-12-16,33.7300
Netherlands,2019-12-13,33.5600
Netherlands,2019-12-12,33.3700
Netherlands,2019-12-11,33.1400
Netherlands,2019-12-10,32.9500
Netherlands,2019-12-09,32.9850
Netherlands,2019-12-06,33.0700
Netherlands,2019-12-05,32.6700
Netherlands,2019-12-04,32.5800
Netherlands,2019-12-03,32.2500
Netherlands,2019-12-02,32.3000
Netherlands,2019-11-29,32.6000
Netherlands,2019-11-27,32.7100
Netherlands,2019-11-26,32.7200
Netherlands,2019-11-25,32.5950
Netherlands,2019-11-22,32.4300
Netherlands,2019-11-21,32.3600
Netherlands,2019-11-20,32.5100
Netherlands,2019-11-19,32.7600
Netherlands,2019-11-18,32.8600
Netherlands,2019-11-15,32.8700
Netherlands,2019-11-14,32.5900
Netherlands,2019-11-13,32.6000
Netherlands,2019-11-12,32.7000
Netherlands,2019-11-11,32.6700
Netherlands,2019-11-08,32.7100
Netherlands,2019-11-07,32.6800
Netherlands,2019-11-06,32.6400
Netherlands,2019-11-05,32.5500
Netherlands,2019-11-04,32.3500
Netherlands,2019-11-01,32.3300
Netherlands,2019-10-31,31.9800
Netherlands,2019-10-30,32.0800
Netherlands,2019-10-29,32.0100
Netherlands,2019-10-28,32.0200
Netherlands,2019-10-25,31.9100
Netherlands,2019-10-24,32.0000
Netherlands,2019-10-23,31.7850
Netherlands,2019-10-22,31.9300
Netherlands,2019-10-21,32.1100
Netherlands,2019-10-18,32.0800
Netherlands,2019-10-17,32.0500
Netherlands,2019-10-16,31.8000
Netherlands,2019-10-15,32.0300
Austria,2020-03-09,15.5200
Austria,2020-03-06,17.3600
Austria,2020-03-05,17.6700
Austria,2020-03-04,18.5100
Austria,2020-03-03,18.2200
Austria,2020-03-02,18.3400
Austria,2020-02-28,18.1200
Austria,2020-02-27,18.0700
Austria,2020-02-26,18.7100
Austria,2020-02-25,18.7100
Austria,2020-02-24,19.2000
Austria,2020-02-21,20.0500
Austria,2020-02-20,20.1600
Austria,2020-02-19,20.2900
Austria,2020-02-18,20.1600
Austria,2020-02-14,20.4500
Austria,2020-02-13,20.2954
Austria,2020-02-12,20.4500
Austria,2020-02-11,20.3600
Austria,2020-02-10,20.0700
Austria,2020-02-07,20.1001
Austria,2020-02-06,20.1951
Austria,2020-02-05,20.2200
Austria,2020-02-04,19.9800
Austria,2020-02-03,19.8200
Austria,2020-01-31,19.9900
Austria,2020-01-30,20.1600
Austria,2020-01-29,20.2300
Austria,2020-01-28,20.1900
Austria,2020-01-27,20.0600
Austria,2020-01-24,20.3100
Austria,2020-01-23,20.4000
Austria,2020-01-22,20.5200
Austria,2020-01-21,20.5100
Austria,2020-01-17,20.6900
Austria,2020-01-16,20.7100
Austria,2020-01-15,20.6600
Austria,2020-01-14,20.9100
Austria,2020-01-13,20.9900
Austria,2020-01-10,20.8300
Austria,2020-01-09,20.8200
Austria,2020-01-08,20.7800
Austria,2020-01-07,20.7300
Austria,2020-01-06,20.9600
Austria,2020-01-03,20.9100
Austria,2020-01-02,21.0800
Austria,2019-12-31,20.8000
Austria,2019-12-30,20.7200
Austria,2019-12-27,20.9800
Austria,2019-12-26,20.9700
Austria,2019-12-24,20.8052
Austria,2019-12-23,20.8300
Austria,2019-12-20,20.7400
Austria,2019-12-19,20.8000
Austria,2019-12-18,20.7700
Austria,2019-12-17,20.8200
Austria,2019-12-16,20.7700
Austria,2019-12-13,20.6900
Austria,2019-12-12,20.7400
Austria,2019-12-11,20.4500
Austria,2019-12-10,20.3500
Austria,2019-12-09,20.2600
Austria,2019-12-06,20.4100
Austria,2019-12-05,20.2950
Austria,2019-12-04,20.2700
Austria,2019-12-03,20.2300
Austria,2019-12-02,20.3000
Austria,2019-11-29,20.3000
Austria,2019-11-27,20.5700
Austria,2019-11-26,20.6300
Austria,2019-11-25,20.5775
Austria,2019-11-22,20.5848
Austria,2019-11-21,20.4500
Austria,2019-11-20,20.4700
Austria,2019-11-19,20.4900
Austria,2019-11-18,20.5200
Austria,2019-11-15,20.6900
Austria,2019-11-14,20.6036
Austria,2019-11-13,20.7600
Austria,2019-11-12,20.8200
Austria,2019-11-11,20.9200
Austria,2019-11-08,20.8700
Austria,2019-11-07,20.9200
Austria,2019-11-06,20.8550
Austria,2019-11-05,21.0400
Austria,2019-11-04,21.0600
Austria,2019-11-01,20.7300
Austria,2019-10-31,20.5000
Austria,2019-10-30,20.7400
Austria,2019-10-29,20.7550
Austria,2019-10-28,20.7467
Austria,2019-10-25,20.5100
Austria,2019-10-24,20.5450
Austria,2019-10-23,20.5500
Austria,2019-10-22,20.2986
Austria,2019-10-21,20.1800
Austria,2019-10-18,19.9500
Austria,2019-10-17,19.8250
Austria,2019-10-16,19.7755
Austria,2019-10-15,19.6500
Sweden,2020-03-09,27.6400
Sweden,2020-03-06,30.1800
Sweden,2020-03-05,30.5000
Sweden,2020-03-04,31.7100
Sweden,2020-03-03,30.8400
Sweden,2020-03-02,30.9700
Sweden,2020-02-28,30.3800
Sweden,2020-02-27,30.3800
Sweden,2020-02-26,31.4500
Sweden,2020-02-25,31.2300
Sweden,2020-02-24,31.9900
Sweden,2020-02-21,33.5900
Sweden,2020-02-20,33.6800
Sweden,2020-02-19,33.7000
Sweden,2020-02-18,33.5700
Sweden,2020-02-14,33.8900
Sweden,2020-02-13,33.9000
Sweden,2020-02-12,34.2300
Sweden,2020-02-11,33.9700
Sweden,2020-02-10,33.5700
Sweden,2020-02-07,33.2800
Sweden,2020-02-06,33.4700
Sweden,2020-02-05,33.5300
Sweden,2020-02-04,32.9500
Sweden,2020-02-03,31.9900
Sweden,2020-01-31,32.0100
Sweden,2020-01-30,32.4300
Sweden,2020-01-29,32.3000
Sweden,2020-01-28,32.4300
Sweden,2020-01-27,32.0400
Sweden,2020-01-24,32.9600
Sweden,2020-01-23,32.9900
Sweden,2020-01-22,33.2000
Sweden,2020-01-21,33.4200
Sweden,2020-01-17,33.5500
Sweden,2020-01-16,33.3600
Sweden,2020-01-15,32.9100
Sweden,2020-01-14,33.1100
Sweden,2020-01-13,33.0300
Sweden,2020-01-10,32.5900
Sweden,2020-01-09,32.9800
Sweden,2020-01-08,33.1500
Sweden,2020-01-07,32.9400
Sweden,2020-01-06,32.9000
Sweden,2020-01-03,32.9200
Sweden,2020-01-02,33.8200
Sweden,2019-12-31,32.9000
Sweden,2019-12-30,32.8700
Sweden,2019-12-27,33.3900
Sweden,2019-12-26,33.2600
Sweden,2019-12-24,33.1700
Sweden,2019-12-23,33.1100
Sweden,2019-12-20,33.1600
Sweden,2019-12-19,33.0000
Sweden,2019-12-18,33.1700
Sweden,2019-12-17,33.2700
Sweden,2019-12-16,33.1600
Sweden,2019-12-13,33.2200
Sweden,2019-12-12,33.0600
Sweden,2019-12-11,32.5100
Sweden,2019-12-10,32.0800
Sweden,2019-12-09,32.0800
Sweden,2019-12-06,32.2900
Sweden,2019-12-05,31.8900
Sweden,2019-12-04,31.9900
Sweden,2019-12-03,31.3900
Sweden,2019-12-02,31.5100
Sweden,2019-11-29,31.7200
Sweden,2019-11-27,31.9400
Sweden,2019-11-26,31.8900
Sweden,2019-11-25,31.8700
Sweden,2019-11-22,31.6900
Sweden,2019-11-21,31.4200
Sweden,2019-11-20,31.5600
Sweden,2019-11-19,31.8300
Sweden,2019-11-18,31.8500
Sweden,2019-11-15,32.0400
Sweden,2019-11-14,31.9200
Sweden,2019-11-13,31.8800
Sweden,2019-11-12,32.0600
Sweden,2019-11-11,32.0500
Sweden,2019-11-08,32.2100
Sweden,2019-11-07,32.1200
Sweden,2019-11-06,32.0700
Sweden,2019-11-05,32.0900
Sweden,2019-11-04,32.2700
Sweden,2019-11-01,31.9500
Sweden,2019-10-31,31.5200
Sweden,2019-10-30,31.7200
Sweden,2019-10-29,31.4500
Sweden,2019-10-28,31.7000
Sweden,2019-10-25,31.5100
Sweden,2019-10-24,31.5200
Sweden,2019-10-23,31.3500
Sweden,2019-10-22,31.3100
Sweden,2019-10-21,31.3600
Sweden,2019-10-18,30.8600
Sweden,2019-10-17,30.4000
Sweden,2019-10-16,30.0900
Sweden,2019-10-15,29.9500
Belgium,2020-03-09,15.8100
Belgium,2020-03-06,17.2200
Belgium,2020-03-05,17.4300
Belgium,2020-03-04,18.0000
Belgium,2020-03-03,17.5000
Belgium,2020-03-02,17.5500
Belgium,2020-02-28,17.2800
Belgium,2020-02-27,17.4900
Belgium,2020-02-26,18.2700
Belgium,2020-02-25,18.3400
Belgium,2020-02-24,18.8100
Belgium,2020-02-21,19.6700
Belgium,2020-02-20,19.8100
Belgium,2020-02-19,19.8600
Belgium,2020-02-18,19.9000
Belgium,2020-02-14,19.9600
Belgium,2020-02-13,19.9600
Belgium,2020-02-12,20.0700
Belgium,2020-02-11,19.9500
Belgium,2020-02-10,19.8399
Belgium,2020-02-07,19.7700
Belgium,2020-02-06,20.1100
Belgium,2020-02-05,20.0900
Belgium,2020-02-04,19.8200
Belgium,2020-02-03,19.3600
Belgium,2020-01-31,19.2800
Belgium,2020-01-30,19.4700
Belgium,2020-01-29,19.4700
Belgium,2020-01-28,19.4900
Belgium,2020-01-27,19.2600
Belgium,2020-01-24,19.6800
Belgium,2020-01-23,19.8100
Belgium,2020-01-22,19.8400
Belgium,2020-01-21,19.9000
Belgium,2020-01-17,19.9300
Belgium,2020-01-16,19.9150
Belgium,2020-01-15,19.7900
Belgium,2020-01-14,19.8447
Belgium,2020-01-13,19.8700
Belgium,2020-01-10,19.8900
Belgium,2020-01-09,19.9100
Belgium,2020-01-08,19.8500
Belgium,2020-01-07,19.8100
Belgium,2020-01-06,20.0000
Belgium,2020-01-03,20.0000
Belgium,2020-01-02,20.1700
Belgium,2019-12-31,19.9700
Belgium,2019-12-30,19.9900
Belgium,2019-12-27,20.0400
Belgium,2019-12-26,19.9000
Belgium,2019-12-24,19.8055
Belgium,2019-12-23,19.8500
Belgium,2019-12-20,19.8009
Belgium,2019-12-19,19.8000
Belgium,2019-12-18,19.7000
Belgium,2019-12-17,19.6800
Belgium,2019-12-16,19.7400
Belgium,2019-12-13,19.7800
Belgium,2019-12-12,19.7000
Belgium,2019-12-11,19.7000
Belgium,2019-12-10,19.7000
Belgium,2019-12-09,19.7100
Belgium,2019-12-06,19.6600
Belgium,2019-12-05,19.5450
Belgium,2019-12-04,19.5700
Belgium,2019-12-03,19.3700
Belgium,2019-12-02,19.5200
Belgium,2019-11-29,19.4900
Belgium,2019-11-27,19.5000
Belgium,2019-11-26,19.5100
Belgium,2019-11-25,19.5100
Belgium,2019-11-22,19.4400
Belgium,2019-11-21,19.4600
Belgium,2019-11-20,19.4700
Belgium,2019-11-19,19.5300
Belgium,2019-11-18,19.6200
Belgium,2019-11-15,19.4500
Belgium,2019-11-14,19.3600
Belgium,2019-11-13,19.3600
Belgium,2019-11-12,19.3605
Belgium,2019-11-11,19.3500
Belgium,2019-11-08,19.3500
Belgium,2019-11-07,19.3100
Belgium,2019-11-06,19.3500
Belgium,2019-11-05,19.3400
Belgium,2019-11-04,19.3400
Belgium,2019-11-01,19.3100
Belgium,2019-10-31,19.1240
Belgium,2019-10-30,19.2300
Belgium,2019-10-29,19.0618
Belgium,2019-10-28,19.0900
Belgium,2019-10-25,18.9800
Belgium,2019-10-24,19.4000
Belgium,2019-10-23,19.3300
Belgium,2019-10-22,19.2400
Belgium,2019-10-21,19.4300
Belgium,2019-10-18,19.3800
Belgium,2019-10-17,19.3700
Belgium,2019-10-16,19.2400
Belgium,2019-10-15,19.1900
Israel,2020-03-09,46.1100
Israel,2020-03-06,52.2489
Israel,2020-03-05,53.1400
Israel,2020-03-04,55.4200
Israel,2020-03-03,55.2881
Israel,2020-03-02,55.9900
Israel,2020-02-28,54.9700
Israel,2020-02-27,56.0900
Israel,2020-02-26,58.1000
Israel,2020-02-25,57.6900
Israel,2020-02-24,58.0400
Israel,2020-02-21,60.4002
Israel,2020-02-20,60.8400
Israel,2020-02-19,61.7100
Israel,2020-02-18,60.8500
Israel,2020-02-14,60.5500
Israel,2020-02-13,60.3704
Israel,2020-02-12,61.2200
Israel,2020-02-11,60.7000
Israel,2020-02-10,60.4400
Israel,2020-02-07,60.5400
Israel,2020-02-06,60.6791
Israel,2020-02-05,60.2113
Israel,2020-02-04,59.6500
Israel,2020-02-03,58.4100
Israel,2020-01-31,58.6700
Israel,2020-01-30,59.2275
Israel,2020-01-29,59.1342
Israel,2020-01-28,59.0350
Israel,2020-01-27,58.7400
Israel,2020-01-24,59.7400
Israel,2020-01-23,60.0701
Israel,2020-01-22,59.9300
Israel,2020-01-21,59.2193
Israel,2020-01-17,59.2500
Israel,2020-01-16,59.4759
Israel,2020-01-15,58.7879
Israel,2020-01-14,58.5600
Israel,2020-01-13,58.3900
Israel,2020-01-10,58.0800
Israel,2020-01-09,58.1100
Israel,2020-01-08,57.8700
Israel,2020-01-07,57.5500
Israel,2020-01-06,57.6700
Israel,2020-01-03,57.6255
Israel,2020-01-02,58.0300
Israel,2019-12-31,57.3500
Israel,2019-12-30,57.1300
Israel,2019-12-27,57.3946
Israel,2019-12-26,57.3590
Israel,2019-12-24,57.0900
Israel,2019-12-23,56.7700
Israel,2019-12-20,57.0000
Israel,2019-12-19,56.9371
Israel,2019-12-18,56.7700
Israel,2019-12-17,56.8600
Israel,2019-12-16,56.9000
Israel,2019-12-13,58.0500
Israel,2019-12-12,57.9200
Israel,2019-12-11,58.0252
Israel,2019-12-10,57.7250
Israel,2019-12-09,57.8950
Israel,2019-12-06,57.7700
Israel,2019-12-05,57.5100
Israel,2019-12-04,57.6500
Israel,2019-12-03,57.4038
Israel,2019-12-02,57.8900
Israel,2019-11-29,58.7891
Israel,2019-11-27,58.6500
Israel,2019-11-26,58.1763
Israel,2019-11-25,58.2299
Israel,2019-11-22,57.6300
Israel,2019-11-21,57.4900
Israel,2019-11-20,57.7349
Israel,2019-11-19,58.0990
Israel,2019-11-18,58.1700
Israel,2019-11-15,58.0700
Israel,2019-11-14,57.3642
Israel,2019-11-13,57.4000
Israel,2019-11-12,57.3200
Israel,2019-11-11,57.0548
Israel,2019-11-08,57.3212
Israel,2019-11-07,56.8535
Israel,2019-11-06,56.7986
Israel,2019-11-05,56.7500
Israel,2019-11-04,56.7100
Israel,2019-11-01,56.3600
Israel,2019-10-31,55.8594
Israel,2019-10-30,55.9504
Israel,2019-10-29,56.1900
Israel,2019-10-28,55.7600
Israel,2019-10-25,55.4400
Israel,2019-10-24,55.3800
Israel,2019-10-23,55.1120
Israel,2019-10-22,55.0000
Israel,2019-10-21,55.0943
Israel,2019-10-18,54.6722
Israel,2019-10-17,55.1032
Israel,2019-10-16,54.8328
Israel,2019-10-15,54.9937
Denmark,2020-03-09,63.1800
Denmark,2020-03-06,67.4451
Denmark,2020-03-05,68.6400
Denmark,2020-03-04,70.2300
Denmark,2020-03-03,67.8661
Denmark,2020-03-02,67.6848
Denmark,2020-02-28,65.5248
Denmark,2020-02-27,65.9250
Denmark,2020-02-26,67.9440
Denmark,2020-02-25,67.4500
Denmark,2020-02-24,68.8600
Denmark,2020-02-21,72.0800
Denmark,2020-02-20,71.9700
Denmark,2020-02-19,72.8000
Denmark,2020-02-18,72.0900
Denmark,2020-02-14,71.8891
Denmark,2020-02-13,71.4900
Denmark,2020-02-12,71.6700
Denmark,2020-02-11,72.0700
Denmark,2020-02-10,71.3900
Denmark,2020-02-07,71.5400
Denmark,2020-02-06,72.1617
Denmark,2020-02-05,71.9811
Denmark,2020-02-04,70.1800
Denmark,2020-02-03,69.1114
Denmark,2020-01-31,69.2350
Denmark,2020-01-30,69.4600
Denmark,2020-01-29,69.6200
Denmark,2020-01-28,69.0500
Denmark,2020-01-27,68.6061
Denmark,2020-01-24,69.8500
Denmark,2020-01-23,70.1800
Denmark,2020-01-22,70.3200
Denmark,2020-01-21,69.8800
Denmark,2020-01-17,69.8600
Denmark,2020-01-16,69.4807
Denmark,2020-01-15,69.5600
Denmark,2020-01-14,68.5900
Denmark,2020-01-13,68.3200
Denmark,2020-01-10,67.8400
Denmark,2020-01-09,67.7823
Denmark,2020-01-08,67.5074
Denmark,2020-01-07,67.5700
Denmark,2020-01-06,67.6079
Denmark,2020-01-03,67.6269
Denmark,2020-01-02,68.6600
Denmark,2019-12-31,68.8500
Denmark,2019-12-30,68.5100
Denmark,2019-12-27,69.0501
Denmark,2019-12-26,68.3400
Denmark,2019-12-24,68.1717
Denmark,2019-12-23,68.2200
Denmark,2019-12-20,67.6800
Denmark,2019-12-19,67.6081
Denmark,2019-12-18,67.5082
Denmark,2019-12-17,68.3274
Denmark,2019-12-16,68.3898
Denmark,2019-12-13,67.4200
Denmark,2019-12-12,67.1700
Denmark,2019-12-11,66.9849
Denmark,2019-12-10,66.8600
Denmark,2019-12-09,66.5728
Denmark,2019-12-06,66.9505
Denmark,2019-12-05,66.7100
Denmark,2019-12-04,66.3107
Denmark,2019-12-03,65.8690
Denmark,2019-12-02,65.6800
Denmark,2019-11-29,65.2600
Denmark,2019-11-27,65.7500
Denmark,2019-11-26,65.6900
Denmark,2019-11-25,65.2800
Denmark,2019-11-22,64.1900
Denmark,2019-11-21,64.0200
Denmark,2019-11-20,64.3900
Denmark,2019-11-19,65.2100
Denmark,2019-11-18,65.3600
Denmark,2019-11-15,65.2400
Denmark,2019-11-14,64.9300
Denmark,2019-11-13,64.9587
Denmark,2019-11-12,64.5600
Denmark,2019-11-11,64.7697
Denmark,2019-11-08,64.7200
Denmark,2019-11-07,64.0500
Denmark,2019-11-06,63.4100
Denmark,2019-11-05,63.5667
Denmark,2019-11-04,64.1700
Denmark,2019-11-01,63.8700
Denmark,2019-10-31,62.7300
Denmark,2019-10-30,63.1100
Denmark,2019-10-29,62.3100
Denmark,2019-10-28,62.8400
Denmark,2019-10-25,62.2400
Denmark,2019-10-24,62.2600
Denmark,2019-10-23,62.1200
Denmark,2019-10-22,61.8013
Denmark,2019-10-21,61.5800
Denmark,2019-10-18,61.3500
Denmark,2019-10-17,61.4300
Denmark,2019-10-16,61.1600
Denmark,2019-10-15,61.4450
Thailand,2020-03-09,63.4000
Thailand,2020-03-06,70.8000
Thailand,2020-03-05,71.7100
Thailand,2020-03-04,72.7600
Thailand,2020-03-03,72.5200
Thailand,2020-03-02,71.2100
Thailand,2020-02-28,70.3000
Thailand,2020-02-27,70.9900
Thailand,2020-02-26,70.4700
Thailand,2020-02-25,73.6800
Thailand,2020-02-24,73.8100
Thailand,2020-02-21,77.6700
Thailand,2020-02-20,77.6700
Thailand,2020-02-19,79.1600
Thailand,2020-02-18,79.4500
Thailand,2020-02-14,79.8000
Thailand,2020-02-13,80.3900
Thailand,2020-02-12,81.7300
Thailand,2020-02-11,80.1100
Thailand,2020-02-10,80.0800
Thailand,2020-02-07,79.7000
Thailand,2020-02-06,80.8600
Thailand,2020-02-05,80.9400
Thailand,2020-02-04,80.3100
Thailand,2020-02-03,78.5400
Thailand,2020-01-31,78.9100
Thailand,2020-01-30,79.8400
Thailand,2020-01-29,80.1600
Thailand,2020-01-28,80.1200
Thailand,2020-01-27,80.3200
Thailand,2020-01-24,83.5700
Thailand,2020-01-23,84.3000
Thailand,2020-01-22,84.8000
Thailand,2020-01-21,84.8400
Thailand,2020-01-17,87.1100
Thailand,2020-01-16,86.7200
Thailand,2020-01-15,85.8500
Thailand,2020-01-14,86.2300
Thailand,2020-01-13,86.9900
Thailand,2020-01-10,86.7000
Thailand,2020-01-09,86.0500
Thailand,2020-01-08,85.4700
Thailand,2020-01-07,86.3700
Thailand,2020-01-06,86.5300
Thailand,2020-01-03,87.4300
Thailand,2020-01-02,88.6200
Thailand,2019-12-31,87.6000
Thailand,2019-12-30,87.0200
Thailand,2019-12-27,87.0000
Thailand,2019-12-26,87.2300
Thailand,2019-12-24,86.8000
Thailand,2019-12-23,87.2100
Thailand,2019-12-20,86.9800
Thailand,2019-12-19,86.8100
Thailand,2019-12-18,86.0800
Thailand,2019-12-17,85.2600
Thailand,2019-12-16,85.1600
Thailand,2019-12-13,86.8700
Thailand,2019-12-12,86.8400
Thailand,2019-12-11,85.8600
Thailand,2019-12-10,85.2600
Thailand,2019-12-09,84.8200
Thailand,2019-12-06,85.1700
Thailand,2019-12-05,85.7400
Thailand,2019-12-04,85.8400
Thailand,2019-12-03,85.7900
Thailand,2019-12-02,85.9900
Thailand,2019-11-29,87.4400
Thailand,2019-11-27,88.6000
Thailand,2019-11-26,88.9200
Thailand,2019-11-25,88.8900
Thailand,2019-11-22,87.4500
Thailand,2019-11-21,87.5100
Thailand,2019-11-20,87.5100
Thailand,2019-11-19,88.1700
Thailand,2019-11-18,88.7000
Thailand,2019-11-15,88.3900
Thailand,2019-11-14,88.8200
Thailand,2019-11-13,89.3900
Thailand,2019-11-12,89.3300
Thailand,2019-11-11,89.5700
Thailand,2019-11-08,90.2000
Thailand,2019-11-07,90.1900
Thailand,2019-11-06,89.6200
Thailand,2019-11-05,89.4400
Thailand,2019-11-04,89.1100
Thailand,2019-11-01,87.8800
Thailand,2019-10-31,87.9900
Thailand,2019-10-30,88.1700
Thailand,2019-10-29,87.0200
Thailand,2019-10-28,87.6800
Thailand,2019-10-25,87.7100
Thailand,2019-10-24,88.6300
Thailand,2019-10-23,89.3400
Thailand,2019-10-22,89.3100
Thailand,2019-10-21,89.3500
Thailand,2019-10-18,89.3300
Thailand,2019-10-17,89.7000
Thailand,2019-10-16,89.8500
Thailand,2019-10-15,89.4300
India,2020-03-09,29.0000
India,2020-03-06,30.6700
India,2020-03-05,30.7400
India,2020-03-04,31.9900
India,2020-03-03,31.9600
India,2020-03-02,32.0400
India,2020-02-28,32.1900
India,2020-02-27,33.1950
India,2020-02-26,33.7900
India,2020-02-25,33.7250
India,2020-02-24,33.8700
India,2020-02-21,34.8200
India,2020-02-20,34.8600
India,2020-02-19,35.2900
India,2020-02-18,34.8900
India,2020-02-14,35.1100
India,2020-02-13,35.3800
India,2020-02-12,35.6900
India,2020-02-11,35.4700
India,2020-02-10,35.2400
India,2020-02-07,35.0500
India,2020-02-06,35.4300
India,2020-02-05,35.1600
India,2020-02-04,34.8700
India,2020-02-03,34.0400
India,2020-01-31,34.4900
India,2020-01-30,34.9100
India,2020-01-29,35.3600
India,2020-01-28,35.3200
India,2020-01-27,35.1500
India,2020-01-24,35.5900
India,2020-01-23,35.4400
India,2020-01-22,35.4900
India,2020-01-21,35.3900
India,2020-01-17,36.1800
India,2020-01-16,35.9500
India,2020-01-15,35.9600
India,2020-01-14,36.0200
India,2020-01-13,36.0900
India,2020-01-10,35.6100
India,2020-01-09,35.4500
India,2020-01-08,34.9800
India,2020-01-07,34.5200
India,2020-01-06,34.5700
India,2020-01-03,34.9800
India,2020-01-02,35.5800
India,2019-12-31,35.1500
India,2019-12-30,35.1800
India,2019-12-27,35.3000
India,2019-12-26,35.0600
India,2019-12-24,35.2300
India,2019-12-23,35.3600
India,2019-12-20,35.4500
India,2019-12-19,35.3900
India,2019-12-18,35.2400
India,2019-12-17,35.2600
India,2019-12-16,34.9400
India,2019-12-13,35.2000
India,2019-12-12,35.0200
India,2019-12-11,34.8300
India,2019-12-10,34.4700
India,2019-12-09,34.6500
India,2019-12-06,34.4200
India,2019-12-05,34.7800
India,2019-12-04,34.8100
India,2019-12-03,34.3700
India,2019-12-02,34.7100
India,2019-11-29,34.4600
India,2019-11-27,35.0600
India,2019-11-26,34.7900
India,2019-11-25,34.9100
India,2019-11-22,34.2000
India,2019-11-21,34.2800
India,2019-11-20,34.4500
India,2019-11-19,34.2300
India,2019-11-18,34.0600
India,2019-11-15,34.1700
India,2019-11-14,33.9500
India,2019-11-13,33.8700
India,2019-11-12,34.1200
India,2019-11-11,34.3400
India,2019-11-08,34.4200
India,2019-11-07,34.9800
India,2019-11-06,35.0000
India,2019-11-05,34.9100
India,2019-11-04,34.9700
India,2019-11-01,35.0600
India,2019-10-31,34.6500
India,2019-10-30,34.8400
India,2019-10-29,34.5300
India,2019-10-28,34.1450
India,2019-10-25,34.0700
India,2019-10-24,33.8000
India,2019-10-23,33.9800
India,2019-10-22,33.7700
India,2019-10-21,33.9700
India,2019-10-18,34.0300
India,2019-10-17,33.6600
India,2019-10-16,33.2400
India,2019-10-15,33.0700
Bahrain,2020-03-09,78.4000
Bahrain,2020-03-06,85.3800
Bahrain,2020-03-05,87.6500
Bahrain,2020-03-04,91.0600
Bahrain,2020-03-03,85.9100
Bahrain,2020-03-02,87.1800
Bahrain,2020-02-28,83.4700
Bahrain,2020-02-27,84.2700
Bahrain,2020-02-26,87.0300
Bahrain,2020-02-25,86.9900
Bahrain,2020-02-24,89.5300
Bahrain,2020-02-21,92.6700
Bahrain,2020-02-20,93.0600
Bahrain,2020-02-19,93.1600
Bahrain,2020-02-18,92.2200
Bahrain,2020-02-14,93.1400
Bahrain,2020-02-13,92.5700
Bahrain,2020-02-12,91.4300
Bahrain,2020-02-11,91.8500
Bahrain,2020-02-10,91.2800
Bahrain,2020-02-07,91.2500
Bahrain,2020-02-06,93.3000
Bahrain,2020-02-05,91.3100
Bahrain,2020-02-04,90.8700
Bahrain,2020-02-03,89.6900
Bahrain,2020-01-31,89.2200
Bahrain,2020-01-30,90.6400
Bahrain,2020-01-29,90.5000
Bahrain,2020-01-28,90.5500
Bahrain,2020-01-27,90.5300
Bahrain,2020-01-24,90.7800
Bahrain,2020-01-23,91.1000
Bahrain,2020-01-22,91.1600
Bahrain,2020-01-21,91.0700
Bahrain,2020-01-17,89.7300
Bahrain,2020-01-16,89.9900
Bahrain,2020-01-15,89.5600
Bahrain,2020-01-14,89.2100
Bahrain,2020-01-13,89.3700
Bahrain,2020-01-10,85.9000
Bahrain,2020-01-09,86.5400
Bahrain,2020-01-08,86.7300
Bahrain,2020-01-07,85.4900
Bahrain,2020-01-06,85.2900
Bahrain,2020-01-03,85.5000
Bahrain,2020-01-02,85.8700
Bahrain,2019-12-31,83.6200
Bahrain,2019-12-30,83.4300
Bahrain,2019-12-27,84.0500
Bahrain,2019-12-26,84.3300
Bahrain,2019-12-24,84.6900
Bahrain,2019-12-23,84.5200
Bahrain,2019-12-20,82.4900
Bahrain,2019-12-19,82.2200
Bahrain,2019-12-18,83.6600
Bahrain,2019-12-17,83.2500
Bahrain,2019-12-16,83.8600
Bahrain,2019-12-13,83.9600
Bahrain,2019-12-12,83.5100
Bahrain,2019-12-11,83.0100
Bahrain,2019-12-10,82.2900
Bahrain,2019-12-09,81.5500
Bahrain,2019-12-06,83.1700
Bahrain,2019-12-05,82.4800
Bahrain,2019-12-04,82.4300
Bahrain,2019-12-03,81.0100
Bahrain,2019-12-02,81.8600
Bahrain,2019-11-29,81.9700
Bahrain,2019-11-27,82.4600
Bahrain,2019-11-26,82.0100
Bahrain,2019-11-25,82.0400
Bahrain,2019-11-22,82.0200
Bahrain,2019-11-21,82.2500
Bahrain,2019-11-20,82.0000
Bahrain,2019-11-19,81.6700
Bahrain,2019-11-18,81.1200
Bahrain,2019-11-15,81.4400
Bahrain,2019-11-14,80.7400
Bahrain,2019-11-13,80.8800
Bahrain,2019-11-12,80.1000
Bahrain,2019-11-11,78.8600
Bahrain,2019-11-08,78.5100
Bahrain,2019-11-07,78.0000
Bahrain,2019-11-06,78.3700
Bahrain,2019-11-05,77.4800
Bahrain,2019-11-04,77.8300
Bahrain,2019-11-01,77.9100
Bahrain,2019-10-31,76.7000
Bahrain,2019-10-30,76.8800
Bahrain,2019-10-29,77.8600
Bahrain,2019-10-28,77.8500
Bahrain,2019-10-25,77.2800
Bahrain,2019-10-24,79.0800
Bahrain,2019-10-23,87.9500
Bahrain,2019-10-22,87.0400
Bahrain,2019-10-21,88.4500
Bahrain,2019-10-18,87.9900
Bahrain,2019-10-17,87.8500
Bahrain,2019-10-16,87.0200
Bahrain,2019-10-15,87.7400
UAE,2020-03-09,10.0250
UAE,2020-03-06,11.6000
UAE,2020-03-05,11.7850
UAE,2020-03-04,11.9800
UAE,2020-03-03,12.0500
UAE,2020-03-02,12.1200
UAE,2020-02-28,12.1800
UAE,2020-02-27,12.3600
UAE,2020-02-26,12.5800
UAE,2020-02-25,12.5400
UAE,2020-02-24,12.6000
UAE,2020-02-21,12.8885
UAE,2020-02-20,12.9300
UAE,2020-02-19,12.9400
UAE,2020-02-18,12.9711
UAE,2020-02-14,12.7600
UAE,2020-02-13,12.7750
UAE,2020-02-12,12.7650
UAE,2020-02-11,12.7966
UAE,2020-02-10,12.9263
UAE,2020-02-07,12.7400
UAE,2020-02-06,12.9121
UAE,2020-02-05,12.9856
UAE,2020-02-04,12.9869
UAE,2020-02-03,13.0800
UAE,2020-01-31,13.2083
UAE,2020-01-30,13.3609
UAE,2020-01-29,13.3650
UAE,2020-01-28,13.4383
UAE,2020-01-27,13.5526
UAE,2020-01-24,13.5526
UAE,2020-01-23,13.5500
UAE,2020-01-22,13.6920
UAE,2020-01-21,13.7300
UAE,2020-01-17,13.6850
UAE,2020-01-16,13.5750
UAE,2020-01-15,13.5700
UAE,2020-01-14,13.3900
UAE,2020-01-13,13.5100
UAE,2020-01-10,13.1050
UAE,2020-01-09,13.2273
UAE,2020-01-08,13.1258
UAE,2020-01-07,13.1600
UAE,2020-01-06,13.1562
UAE,2020-01-03,13.3700
UAE,2020-01-02,13.5100
UAE,2019-12-31,13.4300
UAE,2019-12-30,13.5400
UAE,2019-12-27,13.4935
UAE,2019-12-26,13.4400
UAE,2019-12-24,13.5150
UAE,2019-12-23,13.3700
UAE,2019-12-20,13.2900
UAE,2019-12-19,13.3900
UAE,2019-12-18,13.4700
UAE,2019-12-17,13.5000
UAE,2019-12-16,13.7477
UAE,2019-12-13,13.7100
UAE,2019-12-12,13.8691
UAE,2019-12-11,13.8500
UAE,2019-12-10,13.5000
UAE,2019-12-09,13.7143
UAE,2019-12-06,13.7319
UAE,2019-12-05,13.7700
UAE,2019-12-04,13.6551
UAE,2019-12-03,13.5000
UAE,2019-12-02,13.5200
UAE,2019-11-29,13.4300
UAE,2019-11-27,13.6289
UAE,2019-11-26,13.6900
UAE,2019-11-25,13.7550
UAE,2019-11-22,13.6500
UAE,2019-11-21,13.6900
UAE,2019-11-20,13.7600
UAE,2019-11-19,13.7600
UAE,2019-11-18,13.6250
UAE,2019-11-15,13.9200
UAE,2019-11-14,13.8100
UAE,2019-11-13,13.9800
UAE,2019-11-12,13.6523
UAE,2019-11-11,13.7200
UAE,2019-11-08,13.8700
UAE,2019-11-07,13.8773
UAE,2019-11-06,13.8900
UAE,2019-11-05,13.8100
UAE,2019-11-04,13.8200
UAE,2019-11-01,14.0300
UAE,2019-10-31,13.8561
UAE,2019-10-30,14.0600
UAE,2019-10-29,14.0300
UAE,2019-10-28,14.1300
UAE,2019-10-25,14.3300
UAE,2019-10-24,14.3300
UAE,2019-10-23,14.3600
UAE,2019-10-22,14.3400
UAE,2019-10-21,14.3500
UAE,2019-10-18,14.3900
UAE,2019-10-17,14.2300
UAE,2019-10-16,14.0200
UAE,2019-10-15,14.0531
Canada,2020-03-09,23.9100
Canada,2020-03-06,27.3000
Canada,2020-03-05,27.9000
Canada,2020-03-04,28.3400
Canada,2020-03-03,27.8300
Canada,2020-03-02,28.1700
Canada,2020-02-28,27.5900
Canada,2020-02-27,27.9600
Canada,2020-02-26,29.0000
Canada,2020-02-25,29.2900
Canada,2020-02-24,29.9200
Canada,2020-02-21,30.6300
Canada,2020-02-20,30.7400
Canada,2020-02-19,30.7800
Canada,2020-02-18,30.5200
Canada,2020-02-14,30.6100
Canada,2020-02-13,30.5000
Canada,2020-02-12,30.6100
Canada,2020-02-11,30.4300
Canada,2020-02-10,30.2300
Canada,2020-02-07,30.1300
Canada,2020-02-06,30.3700
Canada,2020-02-05,30.2300
Canada,2020-02-04,30.0100
Canada,2020-02-03,29.6200
Canada,2020-01-31,29.6700
Canada,2020-01-30,30.1500
Canada,2020-01-29,30.1000
Canada,2020-01-28,30.2600
Canada,2020-01-27,30.0300
Canada,2020-01-24,30.4100
Canada,2020-01-23,30.5500
Canada,2020-01-22,30.4300
Canada,2020-01-21,30.5900
Canada,2020-01-17,30.5800
Canada,2020-01-16,30.5100
Canada,2020-01-15,30.3500
Canada,2020-01-14,30.1900
Canada,2020-01-13,30.1700
Canada,2020-01-10,30.0100
Canada,2020-01-09,30.0300
Canada,2020-01-08,29.9800
Canada,2020-01-07,30.0100
Canada,2020-01-06,29.9800
Canada,2020-01-03,29.8300
Canada,2020-01-02,29.9800
Canada,2019-12-31,29.8900
Canada,2019-12-30,29.7100
Canada,2019-12-27,29.8100
Canada,2019-12-26,29.8200
Canada,2019-12-24,29.6600
Canada,2019-12-23,29.6300
Canada,2019-12-20,29.6300
Canada,2019-12-19,29.5700
Canada,2019-12-18,29.5400
Canada,2019-12-17,29.5500
Canada,2019-12-16,29.5100
Canada,2019-12-13,29.6800
Canada,2019-12-12,29.6400
Canada,2019-12-11,29.5900
Canada,2019-12-10,29.4800
Canada,2019-12-09,29.4800
Canada,2019-12-06,29.4800
Canada,2019-12-05,29.4000
Canada,2019-12-04,29.4300
Canada,2019-12-03,29.2200
Canada,2019-12-02,29.4400
Canada,2019-11-29,29.6300
Canada,2019-11-27,29.6600
Canada,2019-11-26,29.6200
Canada,2019-11-25,29.5600
Canada,2019-11-22,29.4200
Canada,2019-11-21,29.5300
Canada,2019-11-20,29.4700
Canada,2019-11-19,29.5900
Canada,2019-11-18,29.7600
Canada,2019-11-15,29.7300
Canada,2019-11-14,29.5500
Canada,2019-11-13,29.5500
Canada,2019-11-12,29.4600
Canada,2019-11-11,29.4400
Canada,2019-11-08,29.4600
Canada,2019-11-07,29.4400
Canada,2019-11-06,29.3000
Canada,2019-11-05,29.2300
Canada,2019-11-04,29.2400
Canada,2019-11-01,29.0300
Canada,2019-10-31,28.7800
Canada,2019-10-30,28.8300
Canada,2019-10-29,28.8500
Canada,2019-10-28,28.9000
Canada,2019-10-25,28.9100
Canada,2019-10-24,28.8100
Canada,2019-10-23,28.7500
Canada,2019-10-22,28.7700
Canada,2019-10-21,28.8000
Canada,2019-10-18,28.5900
Canada,2019-10-17,28.6900
Canada,2019-10-16,28.5700
Canada,2019-10-15,28.5600
China,2020-03-09,59.6700
China,2020-03-06,62.1100
China,2020-03-05,63.4800
China,2020-03-04,63.6200
China,2020-03-03,62.6100
China,2020-03-02,62.9600
China,2020-02-28,62.1300
China,2020-02-27,61.8100
China,2020-02-26,62.5500
China,2020-02-25,61.8000
China,2020-02-24,62.1600
China,2020-02-21,64.3100
China,2020-02-20,64.5600
China,2020-02-19,65.3000
China,2020-02-18,64.8200
China,2020-02-14,64.8200
China,2020-02-13,64.8800
China,2020-02-12,65.7800
China,2020-02-11,64.5300
China,2020-02-10,63.6400
China,2020-02-07,62.9500
China,2020-02-06,63.6100
China,2020-02-05,63.3000
China,2020-02-04,63.3100
China,2020-02-03,60.9700
China,2020-01-31,60.1100
China,2020-01-30,61.2600
China,2020-01-29,62.2100
China,2020-01-28,61.6100
China,2020-01-27,61.0000
China,2020-01-24,63.4000
China,2020-01-23,64.5000
China,2020-01-22,65.3500
China,2020-01-21,65.0000
China,2020-01-17,67.4400
China,2020-01-16,67.1500
China,2020-01-15,66.7400
China,2020-01-14,67.0100
China,2020-01-13,67.7800
China,2020-01-10,66.4900
China,2020-01-09,66.0600
China,2020-01-08,65.3500
China,2020-01-07,65.1600
China,2020-01-06,64.8800
China,2020-01-03,64.9900
China,2020-01-02,66.2300
China,2019-12-31,64.0900
China,2019-12-30,64.0000
China,2019-12-27,64.2700
China,2019-12-26,64.1900
China,2019-12-24,63.6200
China,2019-12-23,63.5800
China,2019-12-20,63.5350
China,2019-12-19,63.2500
China,2019-12-18,63.4100
China,2019-12-17,63.1300
China,2019-12-16,62.4300
China,2019-12-13,62.1100
China,2019-12-12,62.3400
China,2019-12-11,61.3300
China,2019-12-10,60.3300
China,2019-12-09,59.9800
China,2019-12-06,60.5000
China,2019-12-05,60.0100
China,2019-12-04,59.4400
China,2019-12-03,59.1800
China,2019-12-02,59.4900
China,2019-11-29,59.6600
China,2019-11-27,60.8200
China,2019-11-26,60.6000
China,2019-11-25,60.4700
China,2019-11-22,59.4300
China,2019-11-21,59.3400
China,2019-11-20,59.3000
China,2019-11-19,59.9100
China,2019-11-18,59.3000
China,2019-11-15,59.1700
China,2019-11-14,59.0500
China,2019-11-13,59.1400
China,2019-11-12,60.0000
China,2019-11-11,60.3900
China,2019-11-08,61.1300
China,2019-11-07,61.4400
China,2019-11-06,60.7100
China,2019-11-05,60.7000
China,2019-11-04,60.3600
China,2019-11-01,59.3700
China,2019-10-31,58.4700
China,2019-10-30,58.6900
China,2019-10-29,58.6800
China,2019-10-28,59.3200
China,2019-10-25,58.5900
China,2019-10-24,57.9500
China,2019-10-23,57.7700
China,2019-10-22,58.0000
China,2019-10-21,58.3800
China,2019-10-18,57.7300
China,2019-10-17,58.6800
China,2019-10-16,58.5900
China,2019-10-15,58.4900
