0,US,2020-03-09,2746.5601,605.0
1,US,2020-03-06,2972.3701,277.0
2,US,2020-03-05,3023.9399,220.0
3,US,2020-03-04,3130.1201,152.0
4,US,2020-03-03,3003.3701,121.0
5,US,2020-03-02,3090.23,101.0
6,US,2020-02-28,2954.22,62.0
7,US,2020-02-27,2978.76,60.0
8,US,2020-02-26,3116.3899,59.0
9,US,2020-02-25,3128.21,53.0
10,US,2020-02-24,3225.8899,53.0
11,US,2020-02-21,3337.75,35.0
12,US,2020-02-20,3373.23,15.0
13,US,2020-02-19,3386.1499,15.0
14,US,2020-02-18,3370.29,15.0
15,US,2020-02-14,3380.1599,15.0
16,US,2020-02-13,3373.9399,15.0
17,US,2020-02-12,3379.45,13.0
18,US,2020-02-11,3357.75,13.0
19,US,2020-02-10,3352.0901,12.0
20,US,2020-02-07,3327.71,12.0
21,US,2020-02-06,3345.78,12.0
22,US,2020-02-05,3334.6899,12.0
23,US,2020-02-04,3297.5901,11.0
24,US,2020-02-03,3248.9199,11.0
25,US,2020-01-31,3225.52,7.0
26,US,2020-01-30,3283.6599,5.0
27,US,2020-01-29,3273.3999,5.0
28,US,2020-01-28,3276.24,5.0
29,US,2020-01-27,3243.6299,5.0
30,US,2020-01-24,3295.47,2.0
31,US,2020-01-23,3325.54,1.0
32,US,2020-01-22,3321.75,1.0
100,KR,2020-03-06,26.51,6593.0
101,KR,2020-03-05,26.89,6088.0
102,KR,2020-03-04,27.189,5621.0
103,KR,2020-03-03,26.37,5186.0
104,KR,2020-03-02,26.48,4335.0
105,KR,2020-02-28,26.5,2337.0
106,KR,2020-02-27,26.81,1766.0
107,KR,2020-02-26,27.51,1261.0
108,KR,2020-02-25,26.98,977.0
109,KR,2020-02-24,27.16,833.0
110,KR,2020-02-21,28.47,204.0
111,KR,2020-02-20,28.9,104.0
112,KR,2020-02-19,29.8,31.0
113,KR,2020-02-18,29.8066,31.0
114,KR,2020-02-14,30.29,28.0
115,KR,2020-02-13,30.06,28.0
116,KR,2020-02-12,30.54,28.0
117,KR,2020-02-11,30.03,28.0
118,KR,2020-02-10,29.645,27.0
119,KR,2020-02-07,29.52,24.0
120,KR,2020-02-06,30.0,23.0
121,KR,2020-02-05,29.19,19.0
122,KR,2020-02-04,28.88,16.0
123,KR,2020-02-03,28.0,15.0
124,KR,2020-01-31,27.48,11.0
125,KR,2020-01-30,28.44,4.0
126,KR,2020-01-29,29.0714,4.0
127,KR,2020-01-28,29.16,4.0
128,KR,2020-01-27,29.0,4.0
129,KR,2020-01-24,30.075,2.0
130,KR,2020-01-23,30.15,1.0
131,KR,2020-01-22,30.52,1.0
200,JP,2020-03-06,52.6,420.0
201,JP,2020-03-05,53.11,360.0
202,JP,2020-03-04,54.09,331.0
203,JP,2020-03-03,52.94,293.0
204,JP,2020-03-02,53.63,274.0
205,JP,2020-02-28,52.96,228.0
206,JP,2020-02-27,53.02,214.0
207,JP,2020-02-26,54.9,189.0
208,JP,2020-02-25,54.63,170.0
209,JP,2020-02-24,54.72,159.0
210,JP,2020-02-21,56.63,105.0
211,JP,2020-02-20,57.11,94.0
212,JP,2020-02-19,57.48,84.0
213,JP,2020-02-18,57.58,74.0
214,JP,2020-02-14,58.45,29.0
215,JP,2020-02-13,58.89,28.0
216,JP,2020-02-12,59.41,28.0
217,JP,2020-02-11,59.7,26.0
218,JP,2020-02-10,59.4,26.0
219,JP,2020-02-07,59.47,25.0
220,JP,2020-02-06,60.05,45.0
221,JP,2020-02-05,59.6,22.0
222,JP,2020-02-04,59.07,22.0
223,JP,2020-02-03,58.19,20.0
224,JP,2020-01-31,57.75,15.0
225,JP,2020-01-30,58.71,11.0
226,JP,2020-01-29,58.79,7.0
227,JP,2020-01-28,58.98,7.0
228,JP,2020-01-27,58.46,4.0
229,JP,2020-01-24,59.53,2.0
230,JP,2020-01-23,59.76,1.0
231,JP,2020-01-22,59.69,2.0
300,SG,2020-03-06,21.4,130.0
301,SG,2020-03-05,21.6,117.0
302,SG,2020-03-04,22.0,110.0
303,SG,2020-03-03,21.85,110.0
304,SG,2020-03-02,21.8,108.0
305,SG,2020-02-28,21.83,93.0
306,SG,2020-02-27,21.96,93.0
307,SG,2020-02-26,22.29,93.0
308,SG,2020-02-25,22.27,91.0
309,SG,2020-02-24,22.21,89.0
310,SG,2020-02-21,22.65,85.0
311,SG,2020-02-20,22.68,84.0
312,SG,2020-02-19,23.03,84.0
313,SG,2020-02-18,22.89,81.0
314,SG,2020-02-14,23.06,67.0
315,SG,2020-02-13,23.12,58.0
316,SG,2020-02-12,23.54,50.0
317,SG,2020-02-11,23.0,47.0
318,SG,2020-02-10,22.77,45.0
319,SG,2020-02-07,22.66,30.0
320,SG,2020-02-06,23.23,28.0
321,SG,2020-02-05,23.25,28.0
322,SG,2020-02-04,23.05,24.0
323,SG,2020-02-03,22.84,18.0
324,SG,2020-01-31,22.89,13.0
325,SG,2020-01-30,23.41,10.0
326,SG,2020-01-29,23.41,7.0
327,SG,2020-01-28,23.56,7.0
328,SG,2020-01-27,23.16,5.0
329,SG,2020-01-24,23.96,3.0
330,SG,2020-01-23,24.04,1.0
331,SG,2020-01-22,24.23,0.0
400,AU,2020-03-06,19.78,60.0
401,AU,2020-03-05,20.16,55.0
402,AU,2020-03-04,20.77,52.0
403,AU,2020-03-03,20.22,39.0
404,AU,2020-03-02,20.42,30.0
405,AU,2020-02-28,20.12,23.0
406,AU,2020-02-27,20.69,23.0
407,AU,2020-02-26,21.19,22.0
408,AU,2020-02-25,21.46,22.0
409,AU,2020-02-24,21.77,22.0
410,AU,2020-02-21,22.74,19.0
411,AU,2020-02-20,22.92,15.0
412,AU,2020-02-19,23.1,15.0
413,AU,2020-02-18,22.98,15.0
414,AU,2020-02-14,23.05,15.0
415,AU,2020-02-13,22.99,15.0
416,AU,2020-02-12,23.12,15.0
417,AU,2020-02-11,22.83,15.0
418,AU,2020-02-10,22.67,15.0
419,AU,2020-02-07,22.59,15.0
420,AU,2020-02-06,22.88,14.0
421,AU,2020-02-05,22.84,13.0
422,AU,2020-02-04,22.7,13.0
423,AU,2020-02-03,22.31,12.0
424,AU,2020-01-31,22.26,9.0
425,AU,2020-01-30,22.83,9.0
426,AU,2020-01-29,22.84,6.0
427,AU,2020-01-28,22.94,5.0
428,AU,2020-01-27,22.75,5.0
429,AU,2020-01-24,23.25,0.0
430,AU,2020-01-23,23.44,0.0
431,AU,2020-01-22,23.46,0.0
500,MY,2020-03-06,25.25,83.0
501,MY,2020-03-05,25.5,50.0
502,MY,2020-03-04,25.94,50.0
503,MY,2020-03-03,25.59,36.0
504,MY,2020-03-02,25.7,29.0
505,MY,2020-02-28,25.47,23.0
506,MY,2020-02-27,25.54,23.0
507,MY,2020-02-26,25.66,22.0
508,MY,2020-02-25,25.37,22.0
509,MY,2020-02-24,25.18,22.0
510,MY,2020-02-21,26.49,22.0
511,MY,2020-02-20,26.44,22.0
512,MY,2020-02-19,26.72,22.0
513,MY,2020-02-18,26.93,22.0
514,MY,2020-02-14,27.05,19.0
515,MY,2020-02-13,26.88,19.0
516,MY,2020-02-12,27.25,18.0
517,MY,2020-02-11,27.25,18.0
518,MY,2020-02-10,26.92,18.0
519,MY,2020-02-07,26.96,12.0
520,MY,2020-02-06,27.18,12.0
521,MY,2020-02-05,27.05,12.0
522,MY,2020-02-04,27.1,10.0
523,MY,2020-02-03,26.79,8.0
524,MY,2020-01-31,26.83,8.0
525,MY,2020-01-30,27.44,8.0
526,MY,2020-01-29,27.54,7.0
527,MY,2020-01-28,27.56,4.0
528,MY,2020-01-27,27.42,4.0
529,MY,2020-01-24,28.06,0.0
530,MY,2020-01-23,28.11,0.0
531,MY,2020-01-22,28.32,0.0
600,VN,2020-03-06,13.59,16.0
601,VN,2020-03-05,13.69,16.0
602,VN,2020-03-04,13.98,16.0
603,VN,2020-03-03,13.73,16.0
604,VN,2020-03-02,13.87,16.0
605,VN,2020-02-28,13.74,16.0
606,VN,2020-02-27,13.7,16.0
607,VN,2020-02-26,14.11,16.0
608,VN,2020-02-25,14.075,16.0
609,VN,2020-02-24,14.2,16.0
610,VN,2020-02-21,14.96,16.0
611,VN,2020-02-20,15.0,16.0
612,VN,2020-02-19,15.02,16.0
613,VN,2020-02-18,15.07,16.0
614,VN,2020-02-14,15.27,16.0
615,VN,2020-02-13,15.28,16.0
616,VN,2020-02-12,15.3,15.0
617,VN,2020-02-11,15.17,15.0
618,VN,2020-02-10,15.0,14.0
619,VN,2020-02-07,15.05,10.0
620,VN,2020-02-06,15.13,10.0
621,VN,2020-02-05,15.06,8.0
622,VN,2020-02-04,15.1,8.0
623,VN,2020-02-03,14.96,8.0
624,VN,2020-01-31,14.89,2.0
625,VN,2020-01-30,15.52,2.0
626,VN,2020-01-29,15.63,2.0
627,VN,2020-01-28,15.59,2.0
628,VN,2020-01-27,15.7,2.0
629,VN,2020-01-24,16.01,2.0
630,VN,2020-01-23,16.075,2.0
631,VN,2020-01-22,16.04,0.0
700,IT,2020-03-06,26.26,4636.0
701,IT,2020-03-05,26.66,3858.0
702,IT,2020-03-04,27.65,3089.0
703,IT,2020-03-03,26.71,2502.0
704,IT,2020-03-02,27.26,2036.0
705,IT,2020-02-28,27.24,888.0
706,IT,2020-02-27,27.37,655.0
707,IT,2020-02-26,27.84,453.0
708,IT,2020-02-25,27.48,322.0
709,IT,2020-02-24,28.12,229.0
710,IT,2020-02-21,29.72,20.0
711,IT,2020-02-20,30.06,3.0
712,IT,2020-02-19,30.43,3.0
713,IT,2020-02-18,30.28,3.0
714,IT,2020-02-14,29.94,3.0
715,IT,2020-02-13,29.94,3.0
716,IT,2020-02-12,30.2,3.0
717,IT,2020-02-11,30.04,3.0
718,IT,2020-02-10,29.88,3.0
719,IT,2020-02-07,29.85,3.0
720,IT,2020-02-06,30.13,2.0
721,IT,2020-02-05,29.83,2.0
722,IT,2020-02-04,29.42,2.0
723,IT,2020-02-03,28.92,2.0
724,IT,2020-01-31,28.78,2.0
725,IT,2020-01-30,29.56,0.0
726,IT,2020-01-29,29.61,0.0
727,IT,2020-01-28,29.54,0.0
728,IT,2020-01-27,28.76,0.0
729,IT,2020-01-24,29.37,0.0
730,IT,2020-01-23,29.39,0.0
731,IT,2020-01-22,29.34,0.0
800,FR,2020-03-06,28.54,653.0
801,FR,2020-03-05,29.18,377.0
802,FR,2020-03-04,30.24,285.0
803,FR,2020-03-03,29.22,204.0
804,FR,2020-03-02,29.62,191.0
805,FR,2020-02-28,28.93,57.0
806,FR,2020-02-27,29.18,38.0
807,FR,2020-02-26,29.98,18.0
808,FR,2020-02-25,30.01,14.0
809,FR,2020-02-24,30.75,12.0
810,FR,2020-02-21,32.09,12.0
811,FR,2020-02-20,32.23,12.0
812,FR,2020-02-19,32.38,12.0
813,FR,2020-02-18,32.19,12.0
814,FR,2020-02-14,32.29,11.0
815,FR,2020-02-13,32.35,11.0
816,FR,2020-02-12,32.57,11.0
817,FR,2020-02-11,32.35,11.0
818,FR,2020-02-10,32.26,11.0
819,FR,2020-02-07,32.23,6.0
820,FR,2020-02-06,32.42,6.0
821,FR,2020-02-05,32.26,6.0
822,FR,2020-02-04,31.98,6.0
823,FR,2020-02-03,31.52,6.0
824,FR,2020-01-31,31.4,5.0
825,FR,2020-01-30,31.85,5.0
826,FR,2020-01-29,31.95,5.0
827,FR,2020-01-28,31.85,4.0
828,FR,2020-01-27,31.55,3.0
829,FR,2020-01-24,32.25,2.0
830,FR,2020-01-23,32.41,0.0
831,FR,2020-01-22,32.47,0.0
900,DE,2020-03-06,26.01,670.0
901,DE,2020-03-05,26.27,482.0
902,DE,2020-03-04,27.12,262.0
903,DE,2020-03-03,26.29,196.0
904,DE,2020-03-02,26.63,159.0
905,DE,2020-02-28,26.22,48.0
906,DE,2020-02-27,26.49,46.0
907,DE,2020-02-26,27.18,27.0
908,DE,2020-02-25,27.27,17.0
909,DE,2020-02-24,27.9,16.0
910,DE,2020-02-21,29.14,16.0
911,DE,2020-02-20,29.34,16.0
912,DE,2020-02-19,29.5,16.0
913,DE,2020-02-18,29.21,16.0
914,DE,2020-02-14,29.48,16.0
915,DE,2020-02-13,29.46,16.0
916,DE,2020-02-12,29.7,16.0
917,DE,2020-02-11,29.48,16.0
918,DE,2020-02-10,29.24,14.0
919,DE,2020-02-07,29.24,13.0
920,DE,2020-02-06,29.52,12.0
921,DE,2020-02-05,29.43,12.0
922,DE,2020-02-04,29.1,12.0
923,DE,2020-02-03,28.59,12.0
924,DE,2020-01-31,28.53,5.0
925,DE,2020-01-30,29.02,4.0
926,DE,2020-01-29,29.15,4.0
927,DE,2020-01-28,29.19,4.0
928,DE,2020-01-27,28.96,1.0
929,DE,2020-01-24,29.63,0.0
930,DE,2020-01-23,29.63,0.0
931,DE,2020-01-22,29.79,0.0
1000,ES,2020-03-06,25.68,400.0
1001,ES,2020-03-05,26.15,259.0
1002,ES,2020-03-04,27.37,222.0
1003,ES,2020-03-03,26.44,165.0
1004,ES,2020-03-02,26.88,120.0
1005,ES,2020-02-28,26.29,32.0
1006,ES,2020-02-27,26.47,15.0
1007,ES,2020-02-26,27.22,13.0
1008,ES,2020-02-25,27.0,6.0
1009,ES,2020-02-24,27.9,2.0
1010,ES,2020-02-21,29.03,2.0
1011,ES,2020-02-20,29.1,2.0
1012,ES,2020-02-19,29.44,2.0
1013,ES,2020-02-18,29.28,2.0
1014,ES,2020-02-14,29.18,2.0
1015,ES,2020-02-13,29.03,2.0
1016,ES,2020-02-12,29.22,2.0
1017,ES,2020-02-11,29.08,2.0
1018,ES,2020-02-10,28.95,2.0
1019,ES,2020-02-07,28.87,1.0
1020,ES,2020-02-06,28.99,1.0
1021,ES,2020-02-05,28.83,1.0
1022,ES,2020-02-04,28.47,1.0
1023,ES,2020-02-03,28.0,1.0
1024,ES,2020-01-31,28.01,0.0
1025,ES,2020-01-30,28.47,0.0
1026,ES,2020-01-29,28.27,0.0
1027,ES,2020-01-28,28.15,0.0
1028,ES,2020-01-27,27.82,0.0
1029,ES,2020-01-24,28.24,0.0
1030,ES,2020-01-23,28.49,0.0
1031,ES,2020-01-22,28.52,0.0
1100,UK,2020-03-06,28.94,163.0
1101,UK,2020-03-05,29.45,115.0
1102,UK,2020-03-04,30.33,85.0
1103,UK,2020-03-03,29.16,51.0
1104,UK,2020-03-02,29.53,40.0
1105,UK,2020-02-28,29.3,20.0
1106,UK,2020-02-27,29.47,15.0
1107,UK,2020-02-26,30.63,13.0
1108,UK,2020-02-25,30.71,13.0
1109,UK,2020-02-24,31.38,13.0
1110,UK,2020-02-21,32.7,9.0
1111,UK,2020-02-20,32.74,9.0
1112,UK,2020-02-19,32.87,9.0
1113,UK,2020-02-18,32.76,9.0
1114,UK,2020-02-14,32.92,9.0
1115,UK,2020-02-13,33.07,9.0
1116,UK,2020-02-12,33.27,9.0
1117,UK,2020-02-11,33.02,8.0
1118,UK,2020-02-10,32.75,8.0
1119,UK,2020-02-07,32.63,3.0
1120,UK,2020-02-06,33.01,2.0
1121,UK,2020-02-05,33.1,2.0
1122,UK,2020-02-04,32.9,2.0
1123,UK,2020-02-03,32.39,2.0
1124,UK,2020-01-31,32.64,2.0
1125,UK,2020-01-30,33.14,0.0
1126,UK,2020-01-29,33.16,0.0
1127,UK,2020-01-28,33.18,0.0
1128,UK,2020-01-27,32.95,0.0
1129,UK,2020-01-24,33.66,0.0
1130,UK,2020-01-23,33.73,0.0
1131,UK,2020-01-22,33.87,0.0
1200,CH,2020-03-06,38.66,214.0
1201,CH,2020-03-05,39.14,114.0
1202,CH,2020-03-04,40.34,90.0
1203,CH,2020-03-03,38.8,56.0
1204,CH,2020-03-02,38.68,42.0
1205,CH,2020-02-28,37.88,8.0
1206,CH,2020-02-27,38.19,8.0
1207,CH,2020-02-26,39.26,1.0
1208,CH,2020-02-25,39.18,1.0
1209,CH,2020-02-24,40.08,0.0
1210,CH,2020-02-21,41.93,0.0
1211,CH,2020-02-20,41.96,0.0
1212,CH,2020-02-19,42.26,0.0
1213,CH,2020-02-18,41.91,0.0
1214,CH,2020-02-14,41.9,0.0
1215,CH,2020-02-13,41.78,0.0
1216,CH,2020-02-12,42.01,0.0
1217,CH,2020-02-11,41.97,0.0
1218,CH,2020-02-10,41.88,0.0
1219,CH,2020-02-07,41.6,0.0
1220,CH,2020-02-06,41.78,0.0
1221,CH,2020-02-05,41.88,0.0
1222,CH,2020-02-04,41.27,0.0
1223,CH,2020-02-03,40.78,0.0
1224,CH,2020-01-31,40.74,0.0
1225,CH,2020-01-30,41.34,0.0
1226,CH,2020-01-29,41.22,0.0
1227,CH,2020-01-28,41.16,0.0
1228,CH,2020-01-27,40.8,0.0
1229,CH,2020-01-24,41.32,0.0
1230,CH,2020-01-23,41.57,0.0
1231,CH,2020-01-22,41.76,0.0
1300,NO,2020-03-06,20.39,108.0
1301,NO,2020-03-05,21.0447,87.0
1302,NO,2020-03-04,22.06,56.0
1303,NO,2020-03-03,21.5393,32.0
1304,NO,2020-03-02,21.58,25.0
1305,NO,2020-02-28,21.02,6.0
1306,NO,2020-02-27,21.1516,1.0
1307,NO,2020-02-26,22.08,1.0
1308,NO,2020-02-25,22.25,0.0
1309,NO,2020-02-24,22.7,0.0
1310,NO,2020-02-21,23.82,0.0
1311,NO,2020-02-20,23.79,0.0
1312,NO,2020-02-19,23.78,0.0
1313,NO,2020-02-18,23.45,0.0
1314,NO,2020-02-14,23.68,0.0
1315,NO,2020-02-13,23.7,0.0
1316,NO,2020-02-12,23.86,0.0
1317,NO,2020-02-11,23.61,0.0
1318,NO,2020-02-10,23.27,0.0
1319,NO,2020-02-07,23.405,0.0
1320,NO,2020-02-06,23.94,0.0
1321,NO,2020-02-05,23.905,0.0
1322,NO,2020-02-04,23.4808,0.0
1323,NO,2020-02-03,23.2211,0.0
1324,NO,2020-01-31,23.35,0.0
1325,NO,2020-01-30,23.6892,0.0
1326,NO,2020-01-29,23.85,0.0
1327,NO,2020-01-28,23.98,0.0
1328,NO,2020-01-27,23.8297,0.0
1329,NO,2020-01-24,24.42,0.0
1330,NO,2020-01-23,24.5351,0.0
1331,NO,2020-01-22,24.8251,0.0
1400,NL,2020-03-06,30.68,128.0
1401,NL,2020-03-05,31.07,82.0
1402,NL,2020-03-04,32.11,38.0
1403,NL,2020-03-03,30.93,24.0
1404,NL,2020-03-02,31.22,18.0
1405,NL,2020-02-28,30.44,1.0
1406,NL,2020-02-27,30.7,1.0
1407,NL,2020-02-26,31.73,0.0
1408,NL,2020-02-25,31.775,0.0
1409,NL,2020-02-24,32.46,0.0
1410,NL,2020-02-21,33.93,0.0
1411,NL,2020-02-20,34.24,0.0
1412,NL,2020-02-19,34.36,0.0
1413,NL,2020-02-18,34.19,0.0
1414,NL,2020-02-14,34.56,0.0
1415,NL,2020-02-13,34.575,0.0
1416,NL,2020-02-12,34.66,0.0
1417,NL,2020-02-11,34.38,0.0
1418,NL,2020-02-10,34.06,0.0
1419,NL,2020-02-07,33.92,0.0
1420,NL,2020-02-06,34.23,0.0
1421,NL,2020-02-05,34.07,0.0
1422,NL,2020-02-04,33.64,0.0
1423,NL,2020-02-03,32.99,0.0
1424,NL,2020-01-31,32.69,0.0
1425,NL,2020-01-30,33.33,0.0
1426,NL,2020-01-29,33.25,0.0
1427,NL,2020-01-28,33.17,0.0
1428,NL,2020-01-27,32.84,0.0
1429,NL,2020-01-24,33.7,0.0
1430,NL,2020-01-23,33.64,0.0
1431,NL,2020-01-22,33.83,0.0
1500,AT,2020-03-06,17.36,55.0
1501,AT,2020-03-05,17.67,41.0
1502,AT,2020-03-04,18.51,29.0
1503,AT,2020-03-03,18.22,21.0
1504,AT,2020-03-02,18.34,18.0
1505,AT,2020-02-28,18.12,3.0
1506,AT,2020-02-27,18.07,3.0
1507,AT,2020-02-26,18.71,2.0
1508,AT,2020-02-25,18.71,2.0
1509,AT,2020-02-24,19.2,0.0
1510,AT,2020-02-21,20.05,0.0
1511,AT,2020-02-20,20.16,0.0
1512,AT,2020-02-19,20.29,0.0
1513,AT,2020-02-18,20.16,0.0
1514,AT,2020-02-14,20.45,0.0
1515,AT,2020-02-13,20.2954,0.0
1516,AT,2020-02-12,20.45,0.0
1517,AT,2020-02-11,20.36,0.0
1518,AT,2020-02-10,20.07,0.0
1519,AT,2020-02-07,20.1001,0.0
1520,AT,2020-02-06,20.1951,0.0
1521,AT,2020-02-05,20.22,0.0
1522,AT,2020-02-04,19.98,0.0
1523,AT,2020-02-03,19.82,0.0
1524,AT,2020-01-31,19.99,0.0
1525,AT,2020-01-30,20.16,0.0
1526,AT,2020-01-29,20.23,0.0
1527,AT,2020-01-28,20.19,0.0
1528,AT,2020-01-27,20.06,0.0
1529,AT,2020-01-24,20.31,0.0
1530,AT,2020-01-23,20.4,0.0
1531,AT,2020-01-22,20.52,0.0
1600,SE,2020-03-06,30.18,101.0
1601,SE,2020-03-05,30.5,94.0
1602,SE,2020-03-04,31.71,35.0
1603,SE,2020-03-03,30.84,21.0
1604,SE,2020-03-02,30.97,15.0
1605,SE,2020-02-28,30.38,7.0
1606,SE,2020-02-27,30.38,7.0
1607,SE,2020-02-26,31.45,2.0
1608,SE,2020-02-25,31.23,1.0
1609,SE,2020-02-24,31.99,1.0
1610,SE,2020-02-21,33.59,1.0
1611,SE,2020-02-20,33.68,1.0
1612,SE,2020-02-19,33.7,1.0
1613,SE,2020-02-18,33.57,1.0
1614,SE,2020-02-14,33.89,1.0
1615,SE,2020-02-13,33.9,1.0
1616,SE,2020-02-12,34.23,1.0
1617,SE,2020-02-11,33.97,1.0
1618,SE,2020-02-10,33.57,1.0
1619,SE,2020-02-07,33.28,1.0
1620,SE,2020-02-06,33.47,1.0
1621,SE,2020-02-05,33.53,1.0
1622,SE,2020-02-04,32.95,1.0
1623,SE,2020-02-03,31.99,1.0
1624,SE,2020-01-31,32.01,1.0
1625,SE,2020-01-30,32.43,0.0
1626,SE,2020-01-29,32.3,0.0
1627,SE,2020-01-28,32.43,0.0
1628,SE,2020-01-27,32.04,0.0
1629,SE,2020-01-24,32.96,0.0
1630,SE,2020-01-23,32.99,0.0
1631,SE,2020-01-22,33.2,0.0
1700,BE,2020-03-06,17.22,109.0
1701,BE,2020-03-05,17.43,50.0
1702,BE,2020-03-04,18.0,23.0
1703,BE,2020-03-03,17.5,13.0
1704,BE,2020-03-02,17.55,8.0
1705,BE,2020-02-28,17.28,1.0
1706,BE,2020-02-27,17.49,1.0
1707,BE,2020-02-26,18.27,1.0
1708,BE,2020-02-25,18.34,1.0
1709,BE,2020-02-24,18.81,1.0
1710,BE,2020-02-21,19.67,1.0
1711,BE,2020-02-20,19.81,1.0
1712,BE,2020-02-19,19.86,1.0
1713,BE,2020-02-18,19.9,1.0
1714,BE,2020-02-14,19.96,1.0
1715,BE,2020-02-13,19.96,1.0
1716,BE,2020-02-12,20.07,1.0
1717,BE,2020-02-11,19.95,1.0
1718,BE,2020-02-10,19.8399,1.0
1719,BE,2020-02-07,19.77,1.0
1720,BE,2020-02-06,20.11,1.0
1721,BE,2020-02-05,20.09,1.0
1722,BE,2020-02-04,19.82,1.0
1723,BE,2020-02-03,19.36,0.0
1724,BE,2020-01-31,19.28,0.0
1725,BE,2020-01-30,19.47,0.0
1726,BE,2020-01-29,19.47,0.0
1727,BE,2020-01-28,19.49,0.0
1728,BE,2020-01-27,19.26,0.0
1729,BE,2020-01-24,19.68,0.0
1730,BE,2020-01-23,19.81,0.0
1731,BE,2020-01-22,19.84,0.0
1800,IL,2020-03-06,52.2489,21.0
1801,IL,2020-03-05,53.14,16.0
1802,IL,2020-03-04,55.42,15.0
1803,IL,2020-03-03,55.2881,12.0
1804,IL,2020-03-02,55.99,10.0
1805,IL,2020-02-28,54.97,4.0
1806,IL,2020-02-27,56.09,3.0
1807,IL,2020-02-26,58.1,2.0
1808,IL,2020-02-25,57.69,1.0
1809,IL,2020-02-24,58.04,1.0
1810,IL,2020-02-21,60.4002,1.0
1811,IL,2020-02-20,60.84,0.0
1812,IL,2020-02-19,61.71,0.0
1813,IL,2020-02-18,60.85,0.0
1814,IL,2020-02-14,60.55,0.0
1815,IL,2020-02-13,60.3704,0.0
1816,IL,2020-02-12,61.22,0.0
1817,IL,2020-02-11,60.7,0.0
1818,IL,2020-02-10,60.44,0.0
1819,IL,2020-02-07,60.54,0.0
1820,IL,2020-02-06,60.6791,0.0
1821,IL,2020-02-05,60.2113,0.0
1822,IL,2020-02-04,59.65,0.0
1823,IL,2020-02-03,58.41,0.0
1824,IL,2020-01-31,58.67,0.0
1825,IL,2020-01-30,59.2275,0.0
1826,IL,2020-01-29,59.1342,0.0
1827,IL,2020-01-28,59.035,0.0
1828,IL,2020-01-27,58.74,0.0
1829,IL,2020-01-24,59.74,0.0
1830,IL,2020-01-23,60.0701,0.0
1831,IL,2020-01-22,59.93,0.0
1900,DK,2020-03-06,67.4451,23.0
1901,DK,2020-03-05,68.64,10.0
1902,DK,2020-03-04,70.23,10.0
1903,DK,2020-03-03,67.8661,6.0
1904,DK,2020-03-02,67.6848,4.0
1905,DK,2020-02-28,65.5248,1.0
1906,DK,2020-02-27,65.925,1.0
1907,DK,2020-02-26,67.944,0.0
1908,DK,2020-02-25,67.45,0.0
1909,DK,2020-02-24,68.86,0.0
1910,DK,2020-02-21,72.08,0.0
1911,DK,2020-02-20,71.97,0.0
1912,DK,2020-02-19,72.8,0.0
1913,DK,2020-02-18,72.09,0.0
1914,DK,2020-02-14,71.8891,0.0
1915,DK,2020-02-13,71.49,0.0
1916,DK,2020-02-12,71.67,0.0
1917,DK,2020-02-11,72.07,0.0
1918,DK,2020-02-10,71.39,0.0
1919,DK,2020-02-07,71.54,0.0
1920,DK,2020-02-06,72.1617,0.0
1921,DK,2020-02-05,71.9811,0.0
1922,DK,2020-02-04,70.18,0.0
1923,DK,2020-02-03,69.1114,0.0
1924,DK,2020-01-31,69.235,0.0
1925,DK,2020-01-30,69.46,0.0
1926,DK,2020-01-29,69.62,0.0
1927,DK,2020-01-28,69.05,0.0
1928,DK,2020-01-27,68.6061,0.0
1929,DK,2020-01-24,69.85,0.0
1930,DK,2020-01-23,70.18,0.0
1931,DK,2020-01-22,70.32,0.0
2000,TH,2020-03-06,70.8,48.0
2001,TH,2020-03-05,71.71,47.0
2002,TH,2020-03-04,72.76,43.0
2003,TH,2020-03-03,72.52,43.0
2004,TH,2020-03-02,71.21,43.0
2005,TH,2020-02-28,70.3,41.0
2006,TH,2020-02-27,70.99,40.0
2007,TH,2020-02-26,70.47,40.0
2008,TH,2020-02-25,73.68,37.0
2009,TH,2020-02-24,73.81,35.0
2010,TH,2020-02-21,77.67,35.0
2011,TH,2020-02-20,77.67,35.0
2012,TH,2020-02-19,79.16,35.0
2013,TH,2020-02-18,79.45,35.0
2014,TH,2020-02-14,79.8,33.0
2015,TH,2020-02-13,80.39,33.0
2016,TH,2020-02-12,81.73,33.0
2017,TH,2020-02-11,80.11,33.0
2018,TH,2020-02-10,80.08,32.0
2019,TH,2020-02-07,79.7,25.0
2020,TH,2020-02-06,80.86,25.0
2021,TH,2020-02-05,80.94,25.0
2022,TH,2020-02-04,80.31,25.0
2023,TH,2020-02-03,78.54,19.0
2024,TH,2020-01-31,78.91,19.0
2025,TH,2020-01-30,79.84,14.0
2026,TH,2020-01-29,80.16,14.0
2027,TH,2020-01-28,80.12,14.0
2028,TH,2020-01-27,80.32,8.0
2029,TH,2020-01-24,83.57,5.0
2030,TH,2020-01-23,84.3,3.0
2031,TH,2020-01-22,84.8,2.0
2100,IN,2020-03-06,30.67,31.0
2101,IN,2020-03-05,30.74,30.0
2102,IN,2020-03-04,31.99,28.0
2103,IN,2020-03-03,31.96,5.0
2104,IN,2020-03-02,32.04,5.0
2105,IN,2020-02-28,32.19,3.0
2106,IN,2020-02-27,33.195,3.0
2107,IN,2020-02-26,33.79,3.0
2108,IN,2020-02-25,33.725,3.0
2109,IN,2020-02-24,33.87,3.0
2110,IN,2020-02-21,34.82,3.0
2111,IN,2020-02-20,34.86,3.0
2112,IN,2020-02-19,35.29,3.0
2113,IN,2020-02-18,34.89,3.0
2114,IN,2020-02-14,35.11,3.0
2115,IN,2020-02-13,35.38,3.0
2116,IN,2020-02-12,35.69,3.0
2117,IN,2020-02-11,35.47,3.0
2118,IN,2020-02-10,35.24,3.0
2119,IN,2020-02-07,35.05,3.0
2120,IN,2020-02-06,35.43,3.0
2121,IN,2020-02-05,35.16,3.0
2122,IN,2020-02-04,34.87,3.0
2123,IN,2020-02-03,34.04,3.0
2124,IN,2020-01-31,34.49,1.0
2125,IN,2020-01-30,34.91,1.0
2126,IN,2020-01-29,35.36,0.0
2127,IN,2020-01-28,35.32,0.0
2128,IN,2020-01-27,35.15,0.0
2129,IN,2020-01-24,35.59,0.0
2130,IN,2020-01-23,35.44,0.0
2131,IN,2020-01-22,35.49,0.0
2200,BH,2020-03-06,85.38,60.0
2201,BH,2020-03-05,87.65,55.0
2202,BH,2020-03-04,91.06,52.0
2203,BH,2020-03-03,85.91,49.0
2204,BH,2020-03-02,87.18,49.0
2205,BH,2020-02-28,83.47,36.0
2206,BH,2020-02-27,84.27,33.0
2207,BH,2020-02-26,87.03,33.0
2208,BH,2020-02-25,86.99,23.0
2209,BH,2020-02-24,89.53,1.0
2210,BH,2020-02-21,92.67,0.0
2211,BH,2020-02-20,93.06,0.0
2212,BH,2020-02-19,93.16,0.0
2213,BH,2020-02-18,92.22,0.0
2214,BH,2020-02-14,93.14,0.0
2215,BH,2020-02-13,92.57,0.0
2216,BH,2020-02-12,91.43,0.0
2217,BH,2020-02-11,91.85,0.0
2218,BH,2020-02-10,91.28,0.0
2219,BH,2020-02-07,91.25,0.0
2220,BH,2020-02-06,93.3,0.0
2221,BH,2020-02-05,91.31,0.0
2222,BH,2020-02-04,90.87,0.0
2223,BH,2020-02-03,89.69,0.0
2224,BH,2020-01-31,89.22,0.0
2225,BH,2020-01-30,90.64,0.0
2226,BH,2020-01-29,90.5,0.0
2227,BH,2020-01-28,90.55,0.0
2228,BH,2020-01-27,90.53,0.0
2229,BH,2020-01-24,90.78,0.0
2230,BH,2020-01-23,91.1,0.0
2231,BH,2020-01-22,91.16,0.0
2300,AE,2020-03-06,11.6,29.0
2301,AE,2020-03-05,11.785,29.0
2302,AE,2020-03-04,11.98,27.0
2303,AE,2020-03-03,12.05,27.0
2304,AE,2020-03-02,12.12,21.0
2305,AE,2020-02-28,12.18,19.0
2306,AE,2020-02-27,12.36,13.0
2307,AE,2020-02-26,12.58,13.0
2308,AE,2020-02-25,12.54,13.0
2309,AE,2020-02-24,12.6,13.0
2310,AE,2020-02-21,12.8885,9.0
2311,AE,2020-02-20,12.93,9.0
2312,AE,2020-02-19,12.94,9.0
2313,AE,2020-02-18,12.9711,9.0
2314,AE,2020-02-14,12.76,8.0
2315,AE,2020-02-13,12.775,8.0
2316,AE,2020-02-12,12.765,8.0
2317,AE,2020-02-11,12.7966,8.0
2318,AE,2020-02-10,12.9263,8.0
2319,AE,2020-02-07,12.74,5.0
2320,AE,2020-02-06,12.9121,5.0
2321,AE,2020-02-05,12.9856,5.0
2322,AE,2020-02-04,12.9869,5.0
2323,AE,2020-02-03,13.08,5.0
2324,AE,2020-01-31,13.2083,4.0
2325,AE,2020-01-30,13.3609,4.0
2326,AE,2020-01-29,13.365,4.0
2327,AE,2020-01-28,13.4383,0.0
2328,AE,2020-01-27,13.5526,0.0
2329,AE,2020-01-24,13.5526,0.0
2330,AE,2020-01-23,13.55,0.0
2331,AE,2020-01-22,13.692,0.0
2400,CA,2020-03-06,27.3,49.0
2401,CA,2020-03-05,27.9,37.0
2402,CA,2020-03-04,28.34,33.0
2403,CA,2020-03-03,27.83,30.0
2404,CA,2020-03-02,28.17,27.0
2405,CA,2020-02-28,27.59,14.0
2406,CA,2020-02-27,27.96,13.0
2407,CA,2020-02-26,29.0,11.0
2408,CA,2020-02-25,29.29,11.0
2409,CA,2020-02-24,29.92,10.0
2410,CA,2020-02-21,30.63,9.0
2411,CA,2020-02-20,30.74,8.0
2412,CA,2020-02-19,30.78,8.0
2413,CA,2020-02-18,30.52,8.0
2414,CA,2020-02-14,30.61,7.0
2415,CA,2020-02-13,30.5,7.0
2416,CA,2020-02-12,30.61,7.0
2417,CA,2020-02-11,30.43,7.0
2418,CA,2020-02-10,30.23,7.0
2419,CA,2020-02-07,30.13,7.0
2420,CA,2020-02-06,30.37,5.0
2421,CA,2020-02-05,30.23,5.0
2422,CA,2020-02-04,30.01,4.0
2423,CA,2020-02-03,29.62,4.0
2424,CA,2020-01-31,29.67,4.0
2425,CA,2020-01-30,30.15,2.0
2426,CA,2020-01-29,30.1,2.0
2427,CA,2020-01-28,30.26,2.0
2428,CA,2020-01-27,30.03,1.0
2429,CA,2020-01-24,30.41,0.0
2430,CA,2020-01-23,30.55,0.0
2431,CA,2020-01-22,30.43,0.0
2500,CN,2020-03-06,62.11,80573.0
2501,CN,2020-03-05,63.48,80422.0
2502,CN,2020-03-04,63.62,80271.0
2503,CN,2020-03-03,62.61,80151.0
2504,CN,2020-03-02,62.96,80026.0
2505,CN,2020-02-28,62.13,78824.0
2506,CN,2020-02-27,61.81,78498.0
2507,CN,2020-02-26,62.55,78065.0
2508,CN,2020-02-25,61.8,77660.0
2509,CN,2020-02-24,62.16,77152.0
2510,CN,2020-02-21,64.31,75472.0
2511,CN,2020-02-20,64.56,74999.0
2512,CN,2020-02-19,65.3,74546.0
2513,CN,2020-02-18,64.82,74139.0
2514,CN,2020-02-14,64.82,66292.0
2515,CN,2020-02-13,64.88,59832.0
2516,CN,2020-02-12,65.78,44699.0
2517,CN,2020-02-11,64.53,44327.0
2518,CN,2020-02-10,63.64,42306.0
2519,CN,2020-02-07,62.95,34075.0
2520,CN,2020-02-06,63.61,30553.0
2521,CN,2020-02-05,63.3,27409.0
2522,CN,2020-02-04,63.31,23680.0
2523,CN,2020-02-03,60.97,19693.0
2524,CN,2020-01-31,60.11,9783.0
2525,CN,2020-01-30,61.26,8124.0
2526,CN,2020-01-29,62.21,6070.0
2527,CN,2020-01-28,61.61,5494.0
2528,CN,2020-01-27,61.0,2863.0
2529,CN,2020-01-24,63.4,916.0
2530,CN,2020-01-23,64.5,639.0
2531,CN,2020-01-22,65.35,547.0
